INSERT INTO bacan.country ("name", phone_code, lang_code)
VALUES ('Perú', '+51', 'PE');

--

INSERT INTO bacan.state (id, "name", country_id)
VALUES ('01', 'Amazonas', 1),
       ('02', 'Áncash', 1),
       ('03', 'Apurímac', 1),
       ('04', 'Arequipa', 1),
       ('05', 'Ayacucho', 1),
       ('06', 'Cajamarca', 1),
       ('07', 'Callao', 1),
       ('08', 'Cusco', 1),
       ('09', 'Huancavelica', 1),
       ('10', 'Huánuco', 1);
INSERT INTO bacan.state (id, "name", country_id)
VALUES ('11', 'Ica', 1),
       ('12', 'Junín', 1),
       ('13', 'La Libertad', 1),
       ('14', 'Lambayeque', 1),
       ('15', 'Lima', 1),
       ('16', 'Loreto', 1),
       ('17', 'Madre de Dios', 1),
       ('18', 'Moquegua', 1),
       ('19', 'Pasco', 1),
       ('20', 'Piura', 1);
INSERT INTO bacan.state (id, "name", country_id)
VALUES ('21', 'Puno', 1),
       ('22', 'San Martín', 1),
       ('23', 'Tacna', 1),
       ('24', 'Tumbes', 1),
       ('25', 'Ucayali', 1);

--

INSERT INTO bacan.province (id, "name", state_id)
VALUES ('0101', 'Chachapoyas', '01'),
       ('0102', 'Bagua', '01'),
       ('0103', 'Bongará', '01'),
       ('0104', 'Condorcanqui', '01'),
       ('0105', 'Luya', '01'),
       ('0106', 'Rodríguez de Mendoza', '01'),
       ('0107', 'Utcubamba', '01'),
       ('0201', 'Huaraz', '02'),
       ('0202', 'Aija', '02'),
       ('0203', 'Antonio Raymondi', '02');
INSERT INTO bacan.province (id, "name", state_id)
VALUES ('0204', 'Asunción', '02'),
       ('0205', 'Bolognesi', '02'),
       ('0206', 'Carhuaz', '02'),
       ('0207', 'Carlos Fermín Fitzcarrald', '02'),
       ('0208', 'Casma', '02'),
       ('0209', 'Corongo', '02'),
       ('0210', 'Huari', '02'),
       ('0211', 'Huarmey', '02'),
       ('0212', 'Huaylas', '02'),
       ('0213', 'Mariscal Luzuriaga', '02');
INSERT INTO bacan.province (id, "name", state_id)
VALUES ('0214', 'Ocros', '02'),
       ('0215', 'Pallasca', '02'),
       ('0216', 'Pomabamba', '02'),
       ('0217', 'Recuay', '02'),
       ('0218', 'Santa', '02'),
       ('0219', 'Sihuas', '02'),
       ('0220', 'Yungay', '02'),
       ('0301', 'Abancay', '03'),
       ('0302', 'Andahuaylas', '03'),
       ('0303', 'Antabamba', '03');
INSERT INTO bacan.province (id, "name", state_id)
VALUES ('0304', 'Aymaraes', '03'),
       ('0305', 'Cotabambas', '03'),
       ('0306', 'Chincheros', '03'),
       ('0307', 'Grau', '03'),
       ('0401', 'Arequipa', '04'),
       ('0402', 'Camaná', '04'),
       ('0403', 'Caravelí', '04'),
       ('0404', 'Castilla', '04'),
       ('0405', 'Caylloma', '04'),
       ('0406', 'Condesuyos', '04');
INSERT INTO bacan.province (id, "name", state_id)
VALUES ('0407', 'Islay', '04'),
       ('0408', 'La Uniòn', '04'),
       ('0501', 'Huamanga', '05'),
       ('0502', 'Cangallo', '05'),
       ('0503', 'Huanca Sancos', '05'),
       ('0504', 'Huanta', '05'),
       ('0505', 'La Mar', '05'),
       ('0506', 'Lucanas', '05'),
       ('0507', 'Parinacochas', '05'),
       ('0508', 'Pàucar del Sara Sara', '05');
INSERT INTO bacan.province (id, "name", state_id)
VALUES ('0509', 'Sucre', '05'),
       ('0510', 'Víctor Fajardo', '05'),
       ('0511', 'Vilcas Huamán', '05'),
       ('0601', 'Cajamarca', '06'),
       ('0602', 'Cajabamba', '06'),
       ('0603', 'Celendín', '06'),
       ('0604', 'Chota', '06'),
       ('0605', 'Contumazá', '06'),
       ('0606', 'Cutervo', '06'),
       ('0607', 'Hualgayoc', '06');
INSERT INTO bacan.province (id, "name", state_id)
VALUES ('0608', 'Jaén', '06'),
       ('0609', 'San Ignacio', '06'),
       ('0610', 'San Marcos', '06'),
       ('0611', 'San Miguel', '06'),
       ('0612', 'San Pablo', '06'),
       ('0613', 'Santa Cruz', '06'),
       ('0701', 'Prov. Const. del Callao', '07'),
       ('0801', 'Cusco', '08'),
       ('0802', 'Acomayo', '08'),
       ('0803', 'Anta', '08');
INSERT INTO bacan.province (id, "name", state_id)
VALUES ('0804', 'Calca', '08'),
       ('0805', 'Canas', '08'),
       ('0806', 'Canchis', '08'),
       ('0807', 'Chumbivilcas', '08'),
       ('0808', 'Espinar', '08'),
       ('0809', 'La Convención', '08'),
       ('0810', 'Paruro', '08'),
       ('0811', 'Paucartambo', '08'),
       ('0812', 'Quispicanchi', '08'),
       ('0813', 'Urubamba', '08');
INSERT INTO bacan.province (id, "name", state_id)
VALUES ('0901', 'Huancavelica', '09'),
       ('0902', 'Acobamba', '09'),
       ('0903', 'Angaraes', '09'),
       ('0904', 'Castrovirreyna', '09'),
       ('0905', 'Churcampa', '09'),
       ('0906', 'Huaytará', '09'),
       ('0907', 'Tayacaja', '09'),
       ('1001', 'Huánuco', '10'),
       ('1002', 'Ambo', '10'),
       ('1003', 'Dos de Mayo', '10');
INSERT INTO bacan.province (id, "name", state_id)
VALUES ('1004', 'Huacaybamba', '10'),
       ('1005', 'Huamalíes', '10'),
       ('1006', 'Leoncio Prado', '10'),
       ('1007', 'Marañón', '10'),
       ('1008', 'Pachitea', '10'),
       ('1009', 'Puerto Inca', '10'),
       ('1010', 'Lauricocha ', '10'),
       ('1011', 'Yarowilca ', '10'),
       ('1101', 'Ica ', '11'),
       ('1102', 'Chincha ', '11');
INSERT INTO bacan.province (id, "name", state_id)
VALUES ('1103', 'Nasca ', '11'),
       ('1104', 'Palpa ', '11'),
       ('1105', 'Pisco ', '11'),
       ('1201', 'Huancayo ', '12'),
       ('1202', 'Concepción ', '12'),
       ('1203', 'Chanchamayo ', '12'),
       ('1204', 'Jauja ', '12'),
       ('1205', 'Junín ', '12'),
       ('1206', 'Satipo ', '12'),
       ('1207', 'Tarma ', '12');
INSERT INTO bacan.province (id, "name", state_id)
VALUES ('1208', 'Yauli ', '12'),
       ('1209', 'Chupaca ', '12'),
       ('1301', 'Trujillo ', '13'),
       ('1302', 'Ascope ', '13'),
       ('1303', 'Bolívar ', '13'),
       ('1304', 'Chepén ', '13'),
       ('1305', 'Julcán ', '13'),
       ('1306', 'Otuzco ', '13'),
       ('1307', 'Pacasmayo ', '13'),
       ('1308', 'Pataz ', '13');
INSERT INTO bacan.province (id, "name", state_id)
VALUES ('1309', 'Sánchez Carrión ', '13'),
       ('1310', 'Santiago de Chuco ', '13'),
       ('1311', 'Gran Chimú ', '13'),
       ('1312', 'Virú ', '13'),
       ('1401', 'Chiclayo ', '14'),
       ('1402', 'Ferreñafe ', '14'),
       ('1403', 'Lambayeque ', '14'),
       ('1501', 'Lima ', '15'),
       ('1502', 'Barranca ', '15'),
       ('1503', 'Cajatambo ', '15');
INSERT INTO bacan.province (id, "name", state_id)
VALUES ('1504', 'Canta ', '15'),
       ('1505', 'Cañete ', '15'),
       ('1506', 'Huaral ', '15'),
       ('1507', 'Huarochirí ', '15'),
       ('1508', 'Huaura ', '15'),
       ('1509', 'Oyón ', '15'),
       ('1510', 'Yauyos ', '15'),
       ('1601', 'Maynas ', '16'),
       ('1602', 'Alto Amazonas ', '16'),
       ('1603', 'Loreto ', '16');
INSERT INTO bacan.province (id, "name", state_id)
VALUES ('1604', 'Mariscal Ramón Castilla ', '16'),
       ('1605', 'Requena ', '16'),
       ('1606', 'Ucayali ', '16'),
       ('1607', 'Datem del Marañón ', '16'),
       ('1608', 'Putumayo', '16'),
       ('1701', 'Tambopata ', '17'),
       ('1702', 'Manu ', '17'),
       ('1703', 'Tahuamanu ', '17'),
       ('1801', 'Mariscal Nieto ', '18'),
       ('1802', 'General Sánchez Cerro ', '18');
INSERT INTO bacan.province (id, "name", state_id)
VALUES ('1803', 'Ilo ', '18'),
       ('1901', 'Pasco ', '19'),
       ('1902', 'Daniel Alcides Carrión ', '19'),
       ('1903', 'Oxapampa ', '19'),
       ('2001', 'Piura ', '20'),
       ('2002', 'Ayabaca ', '20'),
       ('2003', 'Huancabamba ', '20'),
       ('2004', 'Morropón ', '20'),
       ('2005', 'Paita ', '20'),
       ('2006', 'Sullana ', '20');
INSERT INTO bacan.province (id, "name", state_id)
VALUES ('2007', 'Talara ', '20'),
       ('2008', 'Sechura ', '20'),
       ('2101', 'Puno ', '21'),
       ('2102', 'Azángaro ', '21'),
       ('2103', 'Carabaya ', '21'),
       ('2104', 'Chucuito ', '21'),
       ('2105', 'El Collao ', '21'),
       ('2106', 'Huancané ', '21'),
       ('2107', 'Lampa ', '21'),
       ('2108', 'Melgar ', '21');
INSERT INTO bacan.province (id, "name", state_id)
VALUES ('2109', 'Moho ', '21'),
       ('2110', 'San Antonio de Putina ', '21'),
       ('2111', 'San Román ', '21'),
       ('2112', 'Sandia ', '21'),
       ('2113', 'Yunguyo ', '21'),
       ('2201', 'Moyobamba ', '22'),
       ('2202', 'Bellavista ', '22'),
       ('2203', 'El Dorado ', '22'),
       ('2204', 'Huallaga ', '22'),
       ('2205', 'Lamas ', '22');
INSERT INTO bacan.province (id, "name", state_id)
VALUES ('2206', 'Mariscal Cáceres ', '22'),
       ('2207', 'Picota ', '22'),
       ('2208', 'Rioja ', '22'),
       ('2209', 'San Martín ', '22'),
       ('2210', 'Tocache ', '22'),
       ('2301', 'Tacna ', '23'),
       ('2302', 'Candarave ', '23'),
       ('2303', 'Jorge Basadre ', '23'),
       ('2304', 'Tarata ', '23'),
       ('2401', 'Tumbes ', '24');
INSERT INTO bacan.province (id, "name", state_id)
VALUES ('2402', 'Contralmirante Villar ', '24'),
       ('2403', 'Zarumilla ', '24'),
       ('2501', 'Coronel Portillo ', '25'),
       ('2502', 'Atalaya ', '25'),
       ('2503', 'Padre Abad ', '25'),
       ('2504', 'Purús', '25');

--

INSERT INTO bacan.district ("name", province_id, state_id)
VALUES ('Chachapoyas', '0101', '01'),
       ('Asunción', '0101', '01'),
       ('Balsas', '0101', '01'),
       ('Cheto', '0101', '01'),
       ('Chiliquin', '0101', '01'),
       ('Chuquibamba', '0101', '01'),
       ('Granada', '0101', '01'),
       ('Huancas', '0101', '01'),
       ('La Jalca', '0101', '01'),
       ('Leimebamba', '0101', '01');
INSERT INTO bacan.district ("name", province_id, state_id)
VALUES ('Levanto', '0101', '01'),
       ('Magdalena', '0101', '01'),
       ('Mariscal Castilla', '0101', '01'),
       ('Molinopampa', '0101', '01'),
       ('Montevideo', '0101', '01'),
       ('Olleros', '0101', '01'),
       ('Quinjalca', '0101', '01'),
       ('San Francisco de Daguas', '0101', '01'),
       ('San Isidro de Maino', '0101', '01'),
       ('Soloco', '0101', '01');
INSERT INTO bacan.district ("name", province_id, state_id)
VALUES ('Sonche', '0101', '01'),
       ('Bagua', '0102', '01'),
       ('Aramango', '0102', '01'),
       ('Copallin', '0102', '01'),
       ('El Parco', '0102', '01'),
       ('Imaza', '0102', '01'),
       ('La Peca', '0102', '01'),
       ('Jumbilla', '0103', '01'),
       ('Chisquilla', '0103', '01'),
       ('Churuja', '0103', '01');
INSERT INTO bacan.district ("name", province_id, state_id)
VALUES ('Corosha', '0103', '01'),
       ('Cuispes', '0103', '01'),
       ('Florida', '0103', '01'),
       ('Jazan', '0103', '01'),
       ('Recta', '0103', '01'),
       ('San Carlos', '0103', '01'),
       ('Shipasbamba', '0103', '01'),
       ('Valera', '0103', '01'),
       ('Yambrasbamba', '0103', '01'),
       ('Nieva', '0104', '01');
INSERT INTO bacan.district ("name", province_id, state_id)
VALUES ('El Cenepa', '0104', '01'),
       ('Río Santiago', '0104', '01'),
       ('Lamud', '0105', '01'),
       ('Camporredondo', '0105', '01'),
       ('Cocabamba', '0105', '01'),
       ('Colcamar', '0105', '01'),
       ('Conila', '0105', '01'),
       ('Inguilpata', '0105', '01'),
       ('Longuita', '0105', '01'),
       ('Lonya Chico', '0105', '01');
INSERT INTO bacan.district ("name", province_id, state_id)
VALUES ('Luya', '0105', '01'),
       ('Luya Viejo', '0105', '01'),
       ('María', '0105', '01'),
       ('Ocalli', '0105', '01'),
       ('Ocumal', '0105', '01'),
       ('Pisuquia', '0105', '01'),
       ('Providencia', '0105', '01'),
       ('San Cristóbal', '0105', '01'),
       ('San Francisco de Yeso', '0105', '01'),
       ('San Jerónimo', '0105', '01');
INSERT INTO bacan.district ("name", province_id, state_id)
VALUES ('San Juan de Lopecancha', '0105', '01'),
       ('Santa Catalina', '0105', '01'),
       ('Santo Tomas', '0105', '01'),
       ('Tingo', '0105', '01'),
       ('Trita', '0105', '01'),
       ('San Nicolás', '0106', '01'),
       ('Chirimoto', '0106', '01'),
       ('Cochamal', '0106', '01'),
       ('Huambo', '0106', '01'),
       ('Limabamba', '0106', '01');
INSERT INTO bacan.district ("name", province_id, state_id)
VALUES ('Longar', '0106', '01'),
       ('Mariscal Benavides', '0106', '01'),
       ('Milpuc', '0106', '01'),
       ('Omia', '0106', '01'),
       ('Santa Rosa', '0106', '01'),
       ('Totora', '0106', '01'),
       ('Vista Alegre', '0106', '01'),
       ('Bagua Grande', '0107', '01'),
       ('Cajaruro', '0107', '01'),
       ('Cumba', '0107', '01');
INSERT INTO bacan.district ("name", province_id, state_id)
VALUES ('El Milagro', '0107', '01'),
       ('Jamalca', '0107', '01'),
       ('Lonya Grande', '0107', '01'),
       ('Yamon', '0107', '01'),
       ('Huaraz', '0201', '02'),
       ('Cochabamba', '0201', '02'),
       ('Colcabamba', '0201', '02'),
       ('Huanchay', '0201', '02'),
       ('Independencia', '0201', '02'),
       ('Jangas', '0201', '02');
INSERT INTO bacan.district ("name", province_id, state_id)
VALUES ('La Libertad', '0201', '02'),
       ('Olleros', '0201', '02'),
       ('Pampas Grande', '0201', '02'),
       ('Pariacoto', '0201', '02'),
       ('Pira', '0201', '02'),
       ('Tarica', '0201', '02'),
       ('Aija', '0202', '02'),
       ('Coris', '0202', '02'),
       ('Huacllan', '0202', '02'),
       ('La Merced', '0202', '02');
INSERT INTO bacan.district ("name", province_id, state_id)
VALUES ('Succha', '0202', '02'),
       ('Llamellin', '0203', '02'),
       ('Aczo', '0203', '02'),
       ('Chaccho', '0203', '02'),
       ('Chingas', '0203', '02'),
       ('Mirgas', '0203', '02'),
       ('San Juan de Rontoy', '0203', '02'),
       ('Chacas', '0204', '02'),
       ('Acochaca', '0204', '02'),
       ('Chiquian', '0205', '02');
INSERT INTO bacan.district ("name", province_id, state_id)
VALUES ('Abelardo Pardo Lezameta', '0205', '02'),
       ('Antonio Raymondi', '0205', '02'),
       ('Aquia', '0205', '02'),
       ('Cajacay', '0205', '02'),
       ('Canis', '0205', '02'),
       ('Colquioc', '0205', '02'),
       ('Huallanca', '0205', '02'),
       ('Huasta', '0205', '02'),
       ('Huayllacayan', '0205', '02'),
       ('La Primavera', '0205', '02');
INSERT INTO bacan.district ("name", province_id, state_id)
VALUES ('Mangas', '0205', '02'),
       ('Pacllon', '0205', '02'),
       ('San Miguel de Corpanqui', '0205', '02'),
       ('Ticllos', '0205', '02'),
       ('Carhuaz', '0206', '02'),
       ('Acopampa', '0206', '02'),
       ('Amashca', '0206', '02'),
       ('Anta', '0206', '02'),
       ('Ataquero', '0206', '02'),
       ('Marcara', '0206', '02');
INSERT INTO bacan.district ("name", province_id, state_id)
VALUES ('Pariahuanca', '0206', '02'),
       ('San Miguel de Aco', '0206', '02'),
       ('Shilla', '0206', '02'),
       ('Tinco', '0206', '02'),
       ('Yungar', '0206', '02'),
       ('San Luis', '0207', '02'),
       ('San Nicolás', '0207', '02'),
       ('Yauya', '0207', '02'),
       ('Casma', '0208', '02'),
       ('Buena Vista Alta', '0208', '02');
INSERT INTO bacan.district ("name", province_id, state_id)
VALUES ('Comandante Noel', '0208', '02'),
       ('Yautan', '0208', '02'),
       ('Corongo', '0209', '02'),
       ('Aco', '0209', '02'),
       ('Bambas', '0209', '02'),
       ('Cusca', '0209', '02'),
       ('La Pampa', '0209', '02'),
       ('Yanac', '0209', '02'),
       ('Yupan', '0209', '02'),
       ('Huari', '0210', '02');
INSERT INTO bacan.district ("name", province_id, state_id)
VALUES ('Anra', '0210', '02'),
       ('Cajay', '0210', '02'),
       ('Chavin de Huantar', '0210', '02'),
       ('Huacachi', '0210', '02'),
       ('Huacchis', '0210', '02'),
       ('Huachis', '0210', '02'),
       ('Huantar', '0210', '02'),
       ('Masin', '0210', '02'),
       ('Paucas', '0210', '02'),
       ('Ponto', '0210', '02');
INSERT INTO bacan.district ("name", province_id, state_id)
VALUES ('Rahuapampa', '0210', '02'),
       ('Rapayan', '0210', '02'),
       ('San Marcos', '0210', '02'),
       ('San Pedro de Chana', '0210', '02'),
       ('Uco', '0210', '02'),
       ('Huarmey', '0211', '02'),
       ('Cochapeti', '0211', '02'),
       ('Culebras', '0211', '02'),
       ('Huayan', '0211', '02'),
       ('Malvas', '0211', '02');
INSERT INTO bacan.district ("name", province_id, state_id)
VALUES ('Caraz', '0212', '02'),
       ('Huallanca', '0212', '02'),
       ('Huata', '0212', '02'),
       ('Huaylas', '0212', '02'),
       ('Mato', '0212', '02'),
       ('Pamparomas', '0212', '02'),
       ('Pueblo Libre', '0212', '02'),
       ('Santa Cruz', '0212', '02'),
       ('Santo Toribio', '0212', '02'),
       ('Yuracmarca', '0212', '02');
INSERT INTO bacan.district ("name", province_id, state_id)
VALUES ('Piscobamba', '0213', '02'),
       ('Casca', '0213', '02'),
       ('Eleazar Guzmán Barron', '0213', '02'),
       ('Fidel Olivas Escudero', '0213', '02'),
       ('Llama', '0213', '02'),
       ('Llumpa', '0213', '02'),
       ('Lucma', '0213', '02'),
       ('Musga', '0213', '02'),
       ('Ocros', '0214', '02'),
       ('Acas', '0214', '02');
INSERT INTO bacan.district ("name", province_id, state_id)
VALUES ('Cajamarquilla', '0214', '02'),
       ('Carhuapampa', '0214', '02'),
       ('Cochas', '0214', '02'),
       ('Congas', '0214', '02'),
       ('Llipa', '0214', '02'),
       ('San Cristóbal de Rajan', '0214', '02'),
       ('San Pedro', '0214', '02'),
       ('Santiago de Chilcas', '0214', '02'),
       ('Cabana', '0215', '02'),
       ('Bolognesi', '0215', '02');
INSERT INTO bacan.district ("name", province_id, state_id)
VALUES ('Conchucos', '0215', '02'),
       ('Huacaschuque', '0215', '02'),
       ('Huandoval', '0215', '02'),
       ('Lacabamba', '0215', '02'),
       ('Llapo', '0215', '02'),
       ('Pallasca', '0215', '02'),
       ('Pampas', '0215', '02'),
       ('Santa Rosa', '0215', '02'),
       ('Tauca', '0215', '02'),
       ('Pomabamba', '0216', '02');
INSERT INTO bacan.district ("name", province_id, state_id)
VALUES ('Huayllan', '0216', '02'),
       ('Parobamba', '0216', '02'),
       ('Quinuabamba', '0216', '02'),
       ('Recuay', '0217', '02'),
       ('Catac', '0217', '02'),
       ('Cotaparaco', '0217', '02'),
       ('Huayllapampa', '0217', '02'),
       ('Llacllin', '0217', '02'),
       ('Marca', '0217', '02'),
       ('Pampas Chico', '0217', '02');
INSERT INTO bacan.district ("name", province_id, state_id)
VALUES ('Pararin', '0217', '02'),
       ('Tapacocha', '0217', '02'),
       ('Ticapampa', '0217', '02'),
       ('Chimbote', '0218', '02'),
       ('Cáceres del Perú', '0218', '02'),
       ('Coishco', '0218', '02'),
       ('Macate', '0218', '02'),
       ('Moro', '0218', '02'),
       ('Nepeña', '0218', '02'),
       ('Samanco', '0218', '02');
INSERT INTO bacan.district ("name", province_id, state_id)
VALUES ('Santa', '0218', '02'),
       ('Nuevo Chimbote', '0218', '02'),
       ('Sihuas', '0219', '02'),
       ('Acobamba', '0219', '02'),
       ('Alfonso Ugarte', '0219', '02'),
       ('Cashapampa', '0219', '02'),
       ('Chingalpo', '0219', '02'),
       ('Huayllabamba', '0219', '02'),
       ('Quiches', '0219', '02'),
       ('Ragash', '0219', '02');
INSERT INTO bacan.district ("name", province_id, state_id)
VALUES ('San Juan', '0219', '02'),
       ('Sicsibamba', '0219', '02'),
       ('Yungay', '0220', '02'),
       ('Cascapara', '0220', '02'),
       ('Mancos', '0220', '02'),
       ('Matacoto', '0220', '02'),
       ('Quillo', '0220', '02'),
       ('Ranrahirca', '0220', '02'),
       ('Shupluy', '0220', '02'),
       ('Yanama', '0220', '02');
INSERT INTO bacan.district ("name", province_id, state_id)
VALUES ('Abancay', '0301', '03'),
       ('Chacoche', '0301', '03'),
       ('Circa', '0301', '03'),
       ('Curahuasi', '0301', '03'),
       ('Huanipaca', '0301', '03'),
       ('Lambrama', '0301', '03'),
       ('Pichirhua', '0301', '03'),
       ('San Pedro de Cachora', '0301', '03'),
       ('Tamburco', '0301', '03'),
       ('Andahuaylas', '0302', '03');
INSERT INTO bacan.district ("name", province_id, state_id)
VALUES ('Andarapa', '0302', '03'),
       ('Chiara', '0302', '03'),
       ('Huancarama', '0302', '03'),
       ('Huancaray', '0302', '03'),
       ('Huayana', '0302', '03'),
       ('Kishuara', '0302', '03'),
       ('Pacobamba', '0302', '03'),
       ('Pacucha', '0302', '03'),
       ('Pampachiri', '0302', '03'),
       ('Pomacocha', '0302', '03');
INSERT INTO bacan.district ("name", province_id, state_id)
VALUES ('San Antonio de Cachi', '0302', '03'),
       ('San Jerónimo', '0302', '03'),
       ('San Miguel de Chaccrampa', '0302', '03'),
       ('Santa María de Chicmo', '0302', '03'),
       ('Talavera', '0302', '03'),
       ('Tumay Huaraca', '0302', '03'),
       ('Turpo', '0302', '03'),
       ('Kaquiabamba', '0302', '03'),
       ('José María Arguedas', '0302', '03'),
       ('Antabamba', '0303', '03');
INSERT INTO bacan.district ("name", province_id, state_id)
VALUES ('El Oro', '0303', '03'),
       ('Huaquirca', '0303', '03'),
       ('Juan Espinoza Medrano', '0303', '03'),
       ('Oropesa', '0303', '03'),
       ('Pachaconas', '0303', '03'),
       ('Sabaino', '0303', '03'),
       ('Chalhuanca', '0304', '03'),
       ('Capaya', '0304', '03'),
       ('Caraybamba', '0304', '03'),
       ('Chapimarca', '0304', '03');
INSERT INTO bacan.district ("name", province_id, state_id)
VALUES ('Colcabamba', '0304', '03'),
       ('Cotaruse', '0304', '03'),
       ('Ihuayllo', '0304', '03'),
       ('Justo Apu Sahuaraura', '0304', '03'),
       ('Lucre', '0304', '03'),
       ('Pocohuanca', '0304', '03'),
       ('San Juan de Chacña', '0304', '03'),
       ('Sañayca', '0304', '03'),
       ('Soraya', '0304', '03'),
       ('Tapairihua', '0304', '03');
INSERT INTO bacan.district ("name", province_id, state_id)
VALUES ('Tintay', '0304', '03'),
       ('Toraya', '0304', '03'),
       ('Yanaca', '0304', '03'),
       ('Tambobamba', '0305', '03'),
       ('Cotabambas', '0305', '03'),
       ('Coyllurqui', '0305', '03'),
       ('Haquira', '0305', '03'),
       ('Mara', '0305', '03'),
       ('Challhuahuacho', '0305', '03'),
       ('Chincheros', '0306', '03');
INSERT INTO bacan.district ("name", province_id, state_id)
VALUES ('Anco_Huallo', '0306', '03'),
       ('Cocharcas', '0306', '03'),
       ('Huaccana', '0306', '03'),
       ('Ocobamba', '0306', '03'),
       ('Ongoy', '0306', '03'),
       ('Uranmarca', '0306', '03'),
       ('Ranracancha', '0306', '03'),
       ('Rocchacc', '0306', '03'),
       ('El Porvenir', '0306', '03'),
       ('Los Chankas', '0306', '03');
INSERT INTO bacan.district ("name", province_id, state_id)
VALUES ('Chuquibambilla', '0307', '03'),
       ('Curpahuasi', '0307', '03'),
       ('Gamarra', '0307', '03'),
       ('Huayllati', '0307', '03'),
       ('Mamara', '0307', '03'),
       ('Micaela Bastidas', '0307', '03'),
       ('Pataypampa', '0307', '03'),
       ('Progreso', '0307', '03'),
       ('San Antonio', '0307', '03'),
       ('Santa Rosa', '0307', '03');
INSERT INTO bacan.district ("name", province_id, state_id)
VALUES ('Turpay', '0307', '03'),
       ('Vilcabamba', '0307', '03'),
       ('Virundo', '0307', '03'),
       ('Curasco', '0307', '03'),
       ('Arequipa', '0401', '04'),
       ('Alto Selva Alegre', '0401', '04'),
       ('Cayma', '0401', '04'),
       ('Cerro Colorado', '0401', '04'),
       ('Characato', '0401', '04'),
       ('Chiguata', '0401', '04');
INSERT INTO bacan.district ("name", province_id, state_id)
VALUES ('Jacobo Hunter', '0401', '04'),
       ('La Joya', '0401', '04'),
       ('Mariano Melgar', '0401', '04'),
       ('Miraflores', '0401', '04'),
       ('Mollebaya', '0401', '04'),
       ('Paucarpata', '0401', '04'),
       ('Pocsi', '0401', '04'),
       ('Polobaya', '0401', '04'),
       ('Quequeña', '0401', '04'),
       ('Sabandia', '0401', '04');
INSERT INTO bacan.district ("name", province_id, state_id)
VALUES ('Sachaca', '0401', '04'),
       ('San Juan de Siguas', '0401', '04'),
       ('San Juan de Tarucani', '0401', '04'),
       ('Santa Isabel de Siguas', '0401', '04'),
       ('Santa Rita de Siguas', '0401', '04'),
       ('Socabaya', '0401', '04'),
       ('Tiabaya', '0401', '04'),
       ('Uchumayo', '0401', '04'),
       ('Vitor', '0401', '04'),
       ('Yanahuara', '0401', '04');
INSERT INTO bacan.district ("name", province_id, state_id)
VALUES ('Yarabamba', '0401', '04'),
       ('Yura', '0401', '04'),
       ('José Luis Bustamante Y Rivero', '0401', '04'),
       ('Camaná', '0402', '04'),
       ('José María Quimper', '0402', '04'),
       ('Mariano Nicolás Valcárcel', '0402', '04'),
       ('Mariscal Cáceres', '0402', '04'),
       ('Nicolás de Pierola', '0402', '04'),
       ('Ocoña', '0402', '04'),
       ('Quilca', '0402', '04');
INSERT INTO bacan.district ("name", province_id, state_id)
VALUES ('Samuel Pastor', '0402', '04'),
       ('Caravelí', '0403', '04'),
       ('Acarí', '0403', '04'),
       ('Atico', '0403', '04'),
       ('Atiquipa', '0403', '04'),
       ('Bella Unión', '0403', '04'),
       ('Cahuacho', '0403', '04'),
       ('Chala', '0403', '04'),
       ('Chaparra', '0403', '04'),
       ('Huanuhuanu', '0403', '04');
INSERT INTO bacan.district ("name", province_id, state_id)
VALUES ('Jaqui', '0403', '04'),
       ('Lomas', '0403', '04'),
       ('Quicacha', '0403', '04'),
       ('Yauca', '0403', '04'),
       ('Aplao', '0404', '04'),
       ('Andagua', '0404', '04'),
       ('Ayo', '0404', '04'),
       ('Chachas', '0404', '04'),
       ('Chilcaymarca', '0404', '04'),
       ('Choco', '0404', '04');
INSERT INTO bacan.district ("name", province_id, state_id)
VALUES ('Huancarqui', '0404', '04'),
       ('Machaguay', '0404', '04'),
       ('Orcopampa', '0404', '04'),
       ('Pampacolca', '0404', '04'),
       ('Tipan', '0404', '04'),
       ('Uñon', '0404', '04'),
       ('Uraca', '0404', '04'),
       ('Viraco', '0404', '04'),
       ('Chivay', '0405', '04'),
       ('Achoma', '0405', '04');
INSERT INTO bacan.district ("name", province_id, state_id)
VALUES ('Cabanaconde', '0405', '04'),
       ('Callalli', '0405', '04'),
       ('Caylloma', '0405', '04'),
       ('Coporaque', '0405', '04'),
       ('Huambo', '0405', '04'),
       ('Huanca', '0405', '04'),
       ('Ichupampa', '0405', '04'),
       ('Lari', '0405', '04'),
       ('Lluta', '0405', '04'),
       ('Maca', '0405', '04');
INSERT INTO bacan.district ("name", province_id, state_id)
VALUES ('Madrigal', '0405', '04'),
       ('San Antonio de Chuca', '0405', '04'),
       ('Sibayo', '0405', '04'),
       ('Tapay', '0405', '04'),
       ('Tisco', '0405', '04'),
       ('Tuti', '0405', '04'),
       ('Yanque', '0405', '04'),
       ('Majes', '0405', '04'),
       ('Chuquibamba', '0406', '04'),
       ('Andaray', '0406', '04');
INSERT INTO bacan.district ("name", province_id, state_id)
VALUES ('Cayarani', '0406', '04'),
       ('Chichas', '0406', '04'),
       ('Iray', '0406', '04'),
       ('Río Grande', '0406', '04'),
       ('Salamanca', '0406', '04'),
       ('Yanaquihua', '0406', '04'),
       ('Mollendo', '0407', '04'),
       ('Cocachacra', '0407', '04'),
       ('Dean Valdivia', '0407', '04'),
       ('Islay', '0407', '04');
INSERT INTO bacan.district ("name", province_id, state_id)
VALUES ('Mejia', '0407', '04'),
       ('Punta de Bombón', '0407', '04'),
       ('Cotahuasi', '0408', '04'),
       ('Alca', '0408', '04'),
       ('Charcana', '0408', '04'),
       ('Huaynacotas', '0408', '04'),
       ('Pampamarca', '0408', '04'),
       ('Puyca', '0408', '04'),
       ('Quechualla', '0408', '04'),
       ('Sayla', '0408', '04');
INSERT INTO bacan.district ("name", province_id, state_id)
VALUES ('Tauria', '0408', '04'),
       ('Tomepampa', '0408', '04'),
       ('Toro', '0408', '04'),
       ('Ayacucho', '0501', '05'),
       ('Acocro', '0501', '05'),
       ('Acos Vinchos', '0501', '05'),
       ('Carmen Alto', '0501', '05'),
       ('Chiara', '0501', '05'),
       ('Ocros', '0501', '05'),
       ('Pacaycasa', '0501', '05');
INSERT INTO bacan.district ("name", province_id, state_id)
VALUES ('Quinua', '0501', '05'),
       ('San José de Ticllas', '0501', '05'),
       ('San Juan Bautista', '0501', '05'),
       ('Santiago de Pischa', '0501', '05'),
       ('Socos', '0501', '05'),
       ('Tambillo', '0501', '05'),
       ('Vinchos', '0501', '05'),
       ('Jesús Nazareno', '0501', '05'),
       ('Andrés Avelino Cáceres Dorregaray', '0501', '05'),
       ('Cangallo', '0502', '05');
INSERT INTO bacan.district ("name", province_id, state_id)
VALUES ('Chuschi', '0502', '05'),
       ('Los Morochucos', '0502', '05'),
       ('María Parado de Bellido', '0502', '05'),
       ('Paras', '0502', '05'),
       ('Totos', '0502', '05'),
       ('Sancos', '0503', '05'),
       ('Carapo', '0503', '05'),
       ('Sacsamarca', '0503', '05'),
       ('Santiago de Lucanamarca', '0503', '05'),
       ('Huanta', '0504', '05');
INSERT INTO bacan.district ("name", province_id, state_id)
VALUES ('Ayahuanco', '0504', '05'),
       ('Huamanguilla', '0504', '05'),
       ('Iguain', '0504', '05'),
       ('Luricocha', '0504', '05'),
       ('Santillana', '0504', '05'),
       ('Sivia', '0504', '05'),
       ('Llochegua', '0504', '05'),
       ('Canayre', '0504', '05'),
       ('Uchuraccay', '0504', '05'),
       ('Pucacolpa', '0504', '05');
INSERT INTO bacan.district ("name", province_id, state_id)
VALUES ('Chaca', '0504', '05'),
       ('San Miguel', '0505', '05'),
       ('Anco', '0505', '05'),
       ('Ayna', '0505', '05'),
       ('Chilcas', '0505', '05'),
       ('Chungui', '0505', '05'),
       ('Luis Carranza', '0505', '05'),
       ('Santa Rosa', '0505', '05'),
       ('Tambo', '0505', '05'),
       ('Samugari', '0505', '05');
INSERT INTO bacan.district ("name", province_id, state_id)
VALUES ('Anchihuay', '0505', '05'),
       ('Oronccoy', '0505', '05'),
       ('Puquio', '0506', '05'),
       ('Aucara', '0506', '05'),
       ('Cabana', '0506', '05'),
       ('Carmen Salcedo', '0506', '05'),
       ('Chaviña', '0506', '05'),
       ('Chipao', '0506', '05'),
       ('Huac-Huas', '0506', '05'),
       ('Laramate', '0506', '05');
INSERT INTO bacan.district ("name", province_id, state_id)
VALUES ('Leoncio Prado', '0506', '05'),
       ('Llauta', '0506', '05'),
       ('Lucanas', '0506', '05'),
       ('Ocaña', '0506', '05'),
       ('Otoca', '0506', '05'),
       ('Saisa', '0506', '05'),
       ('San Cristóbal', '0506', '05'),
       ('San Juan', '0506', '05'),
       ('San Pedro', '0506', '05'),
       ('San Pedro de Palco', '0506', '05');
INSERT INTO bacan.district ("name", province_id, state_id)
VALUES ('Sancos', '0506', '05'),
       ('Santa Ana de Huaycahuacho', '0506', '05'),
       ('Santa Lucia', '0506', '05'),
       ('Coracora', '0507', '05'),
       ('Chumpi', '0507', '05'),
       ('Coronel Castañeda', '0507', '05'),
       ('Pacapausa', '0507', '05'),
       ('Pullo', '0507', '05'),
       ('Puyusca', '0507', '05'),
       ('San Francisco de Ravacayco', '0507', '05');
INSERT INTO bacan.district ("name", province_id, state_id)
VALUES ('Upahuacho', '0507', '05'),
       ('Pausa', '0508', '05'),
       ('Colta', '0508', '05'),
       ('Corculla', '0508', '05'),
       ('Lampa', '0508', '05'),
       ('Marcabamba', '0508', '05'),
       ('Oyolo', '0508', '05'),
       ('Pararca', '0508', '05'),
       ('San Javier de Alpabamba', '0508', '05'),
       ('San José de Ushua', '0508', '05');
INSERT INTO bacan.district ("name", province_id, state_id)
VALUES ('Sara Sara', '0508', '05'),
       ('Querobamba', '0509', '05'),
       ('Belén', '0509', '05'),
       ('Chalcos', '0509', '05'),
       ('Chilcayoc', '0509', '05'),
       ('Huacaña', '0509', '05'),
       ('Morcolla', '0509', '05'),
       ('Paico', '0509', '05'),
       ('San Pedro de Larcay', '0509', '05'),
       ('San Salvador de Quije', '0509', '05');
INSERT INTO bacan.district ("name", province_id, state_id)
VALUES ('Santiago de Paucaray', '0509', '05'),
       ('Soras', '0509', '05'),
       ('Huancapi', '0510', '05'),
       ('Alcamenca', '0510', '05'),
       ('Apongo', '0510', '05'),
       ('Asquipata', '0510', '05'),
       ('Canaria', '0510', '05'),
       ('Cayara', '0510', '05'),
       ('Colca', '0510', '05'),
       ('Huamanquiquia', '0510', '05');
INSERT INTO bacan.district ("name", province_id, state_id)
VALUES ('Huancaraylla', '0510', '05'),
       ('Hualla', '0510', '05'),
       ('Sarhua', '0510', '05'),
       ('Vilcanchos', '0510', '05'),
       ('Vilcas Huaman', '0511', '05'),
       ('Accomarca', '0511', '05'),
       ('Carhuanca', '0511', '05'),
       ('Concepción', '0511', '05'),
       ('Huambalpa', '0511', '05'),
       ('Independencia', '0511', '05');
INSERT INTO bacan.district ("name", province_id, state_id)
VALUES ('Saurama', '0511', '05'),
       ('Vischongo', '0511', '05'),
       ('Cajamarca', '0601', '06'),
       ('Asunción', '0601', '06'),
       ('Chetilla', '0601', '06'),
       ('Cospan', '0601', '06'),
       ('Encañada', '0601', '06'),
       ('Jesús', '0601', '06'),
       ('Llacanora', '0601', '06'),
       ('Los Baños del Inca', '0601', '06');
INSERT INTO bacan.district ("name", province_id, state_id)
VALUES ('Magdalena', '0601', '06'),
       ('Matara', '0601', '06'),
       ('Namora', '0601', '06'),
       ('San Juan', '0601', '06'),
       ('Cajabamba', '0602', '06'),
       ('Cachachi', '0602', '06'),
       ('Condebamba', '0602', '06'),
       ('Sitacocha', '0602', '06'),
       ('Celendín', '0603', '06'),
       ('Chumuch', '0603', '06');
INSERT INTO bacan.district ("name", province_id, state_id)
VALUES ('Cortegana', '0603', '06'),
       ('Huasmin', '0603', '06'),
       ('Jorge Chávez', '0603', '06'),
       ('José Gálvez', '0603', '06'),
       ('Miguel Iglesias', '0603', '06'),
       ('Oxamarca', '0603', '06'),
       ('Sorochuco', '0603', '06'),
       ('Sucre', '0603', '06'),
       ('Utco', '0603', '06'),
       ('La Libertad de Pallan', '0603', '06');
INSERT INTO bacan.district ("name", province_id, state_id)
VALUES ('Chota', '0604', '06'),
       ('Anguia', '0604', '06'),
       ('Chadin', '0604', '06'),
       ('Chiguirip', '0604', '06'),
       ('Chimban', '0604', '06'),
       ('Choropampa', '0604', '06'),
       ('Cochabamba', '0604', '06'),
       ('Conchan', '0604', '06'),
       ('Huambos', '0604', '06'),
       ('Lajas', '0604', '06');
INSERT INTO bacan.district ("name", province_id, state_id)
VALUES ('Llama', '0604', '06'),
       ('Miracosta', '0604', '06'),
       ('Paccha', '0604', '06'),
       ('Pion', '0604', '06'),
       ('Querocoto', '0604', '06'),
       ('San Juan de Licupis', '0604', '06'),
       ('Tacabamba', '0604', '06'),
       ('Tocmoche', '0604', '06'),
       ('Chalamarca', '0604', '06'),
       ('Contumaza', '0605', '06');
INSERT INTO bacan.district ("name", province_id, state_id)
VALUES ('Chilete', '0605', '06'),
       ('Cupisnique', '0605', '06'),
       ('Guzmango', '0605', '06'),
       ('San Benito', '0605', '06'),
       ('Santa Cruz de Toledo', '0605', '06'),
       ('Tantarica', '0605', '06'),
       ('Yonan', '0605', '06'),
       ('Cutervo', '0606', '06'),
       ('Callayuc', '0606', '06'),
       ('Choros', '0606', '06');
INSERT INTO bacan.district ("name", province_id, state_id)
VALUES ('Cujillo', '0606', '06'),
       ('La Ramada', '0606', '06'),
       ('Pimpingos', '0606', '06'),
       ('Querocotillo', '0606', '06'),
       ('San Andrés de Cutervo', '0606', '06'),
       ('San Juan de Cutervo', '0606', '06'),
       ('San Luis de Lucma', '0606', '06'),
       ('Santa Cruz', '0606', '06'),
       ('Santo Domingo de la Capilla', '0606', '06'),
       ('Santo Tomas', '0606', '06');
INSERT INTO bacan.district ("name", province_id, state_id)
VALUES ('Socota', '0606', '06'),
       ('Toribio Casanova', '0606', '06'),
       ('Bambamarca', '0607', '06'),
       ('Chugur', '0607', '06'),
       ('Hualgayoc', '0607', '06'),
       ('Jaén', '0608', '06'),
       ('Bellavista', '0608', '06'),
       ('Chontali', '0608', '06'),
       ('Colasay', '0608', '06'),
       ('Huabal', '0608', '06');
INSERT INTO bacan.district ("name", province_id, state_id)
VALUES ('Las Pirias', '0608', '06'),
       ('Pomahuaca', '0608', '06'),
       ('Pucara', '0608', '06'),
       ('Sallique', '0608', '06'),
       ('San Felipe', '0608', '06'),
       ('San José del Alto', '0608', '06'),
       ('Santa Rosa', '0608', '06'),
       ('San Ignacio', '0609', '06'),
       ('Chirinos', '0609', '06'),
       ('Huarango', '0609', '06');
INSERT INTO bacan.district ("name", province_id, state_id)
VALUES ('La Coipa', '0609', '06'),
       ('Namballe', '0609', '06'),
       ('San José de Lourdes', '0609', '06'),
       ('Tabaconas', '0609', '06'),
       ('Pedro Gálvez', '0610', '06'),
       ('Chancay', '0610', '06'),
       ('Eduardo Villanueva', '0610', '06'),
       ('Gregorio Pita', '0610', '06'),
       ('Ichocan', '0610', '06'),
       ('José Manuel Quiroz', '0610', '06');
INSERT INTO bacan.district ("name", province_id, state_id)
VALUES ('José Sabogal', '0610', '06'),
       ('San Miguel', '0611', '06'),
       ('Bolívar', '0611', '06'),
       ('Calquis', '0611', '06'),
       ('Catilluc', '0611', '06'),
       ('El Prado', '0611', '06'),
       ('La Florida', '0611', '06'),
       ('Llapa', '0611', '06'),
       ('Nanchoc', '0611', '06'),
       ('Niepos', '0611', '06');
INSERT INTO bacan.district ("name", province_id, state_id)
VALUES ('San Gregorio', '0611', '06'),
       ('San Silvestre de Cochan', '0611', '06'),
       ('Tongod', '0611', '06'),
       ('Unión Agua Blanca', '0611', '06'),
       ('San Pablo', '0612', '06'),
       ('San Bernardino', '0612', '06'),
       ('San Luis', '0612', '06'),
       ('Tumbaden', '0612', '06'),
       ('Santa Cruz', '0613', '06'),
       ('Andabamba', '0613', '06');
INSERT INTO bacan.district ("name", province_id, state_id)
VALUES ('Catache', '0613', '06'),
       ('Chancaybaños', '0613', '06'),
       ('La Esperanza', '0613', '06'),
       ('Ninabamba', '0613', '06'),
       ('Pulan', '0613', '06'),
       ('Saucepampa', '0613', '06'),
       ('Sexi', '0613', '06'),
       ('Uticyacu', '0613', '06'),
       ('Yauyucan', '0613', '06'),
       ('Callao', '0701', '07');
INSERT INTO bacan.district ("name", province_id, state_id)
VALUES ('Bellavista', '0701', '07'),
       ('Carmen de la Legua Reynoso', '0701', '07'),
       ('La Perla', '0701', '07'),
       ('La Punta', '0701', '07'),
       ('Ventanilla', '0701', '07'),
       ('Mi Perú', '0701', '07'),
       ('Cusco', '0801', '08'),
       ('Ccorca', '0801', '08'),
       ('Poroy', '0801', '08'),
       ('San Jerónimo', '0801', '08');
INSERT INTO bacan.district ("name", province_id, state_id)
VALUES ('San Sebastian', '0801', '08'),
       ('Santiago', '0801', '08'),
       ('Saylla', '0801', '08'),
       ('Wanchaq', '0801', '08'),
       ('Acomayo', '0802', '08'),
       ('Acopia', '0802', '08'),
       ('Acos', '0802', '08'),
       ('Mosoc Llacta', '0802', '08'),
       ('Pomacanchi', '0802', '08'),
       ('Rondocan', '0802', '08');
INSERT INTO bacan.district ("name", province_id, state_id)
VALUES ('Sangarara', '0802', '08'),
       ('Anta', '0803', '08'),
       ('Ancahuasi', '0803', '08'),
       ('Cachimayo', '0803', '08'),
       ('Chinchaypujio', '0803', '08'),
       ('Huarocondo', '0803', '08'),
       ('Limatambo', '0803', '08'),
       ('Mollepata', '0803', '08'),
       ('Pucyura', '0803', '08'),
       ('Zurite', '0803', '08');
INSERT INTO bacan.district ("name", province_id, state_id)
VALUES ('Calca', '0804', '08'),
       ('Coya', '0804', '08'),
       ('Lamay', '0804', '08'),
       ('Lares', '0804', '08'),
       ('Pisac', '0804', '08'),
       ('San Salvador', '0804', '08'),
       ('Taray', '0804', '08'),
       ('Yanatile', '0804', '08'),
       ('Yanaoca', '0805', '08'),
       ('Checca', '0805', '08');
INSERT INTO bacan.district ("name", province_id, state_id)
VALUES ('Kunturkanki', '0805', '08'),
       ('Langui', '0805', '08'),
       ('Layo', '0805', '08'),
       ('Pampamarca', '0805', '08'),
       ('Quehue', '0805', '08'),
       ('Tupac Amaru', '0805', '08'),
       ('Sicuani', '0806', '08'),
       ('Checacupe', '0806', '08'),
       ('Combapata', '0806', '08'),
       ('Marangani', '0806', '08');
INSERT INTO bacan.district ("name", province_id, state_id)
VALUES ('Pitumarca', '0806', '08'),
       ('San Pablo', '0806', '08'),
       ('San Pedro', '0806', '08'),
       ('Tinta', '0806', '08'),
       ('Santo Tomas', '0807', '08'),
       ('Capacmarca', '0807', '08'),
       ('Chamaca', '0807', '08'),
       ('Colquemarca', '0807', '08'),
       ('Livitaca', '0807', '08'),
       ('Llusco', '0807', '08');
INSERT INTO bacan.district ("name", province_id, state_id)
VALUES ('Quiñota', '0807', '08'),
       ('Velille', '0807', '08'),
       ('Espinar', '0808', '08'),
       ('Condoroma', '0808', '08'),
       ('Coporaque', '0808', '08'),
       ('Ocoruro', '0808', '08'),
       ('Pallpata', '0808', '08'),
       ('Pichigua', '0808', '08'),
       ('Suyckutambo', '0808', '08'),
       ('Alto Pichigua', '0808', '08');
INSERT INTO bacan.district ("name", province_id, state_id)
VALUES ('Santa Ana', '0809', '08'),
       ('Echarate', '0809', '08'),
       ('Huayopata', '0809', '08'),
       ('Maranura', '0809', '08'),
       ('Ocobamba', '0809', '08'),
       ('Quellouno', '0809', '08'),
       ('Kimbiri', '0809', '08'),
       ('Santa Teresa', '0809', '08'),
       ('Vilcabamba', '0809', '08'),
       ('Pichari', '0809', '08');
INSERT INTO bacan.district ("name", province_id, state_id)
VALUES ('Inkawasi', '0809', '08'),
       ('Villa Virgen', '0809', '08'),
       ('Villa Kintiarina', '0809', '08'),
       ('Megantoni', '0809', '08'),
       ('Paruro', '0810', '08'),
       ('Accha', '0810', '08'),
       ('Ccapi', '0810', '08'),
       ('Colcha', '0810', '08'),
       ('Huanoquite', '0810', '08'),
       ('Omachaç', '0810', '08');
INSERT INTO bacan.district ("name", province_id, state_id)
VALUES ('Paccaritambo', '0810', '08'),
       ('Pillpinto', '0810', '08'),
       ('Yaurisque', '0810', '08'),
       ('Paucartambo', '0811', '08'),
       ('Caicay', '0811', '08'),
       ('Challabamba', '0811', '08'),
       ('Colquepata', '0811', '08'),
       ('Huancarani', '0811', '08'),
       ('Kosñipata', '0811', '08'),
       ('Urcos', '0812', '08');
INSERT INTO bacan.district ("name", province_id, state_id)
VALUES ('Andahuaylillas', '0812', '08'),
       ('Camanti', '0812', '08'),
       ('Ccarhuayo', '0812', '08'),
       ('Ccatca', '0812', '08'),
       ('Cusipata', '0812', '08'),
       ('Huaro', '0812', '08'),
       ('Lucre', '0812', '08'),
       ('Marcapata', '0812', '08'),
       ('Ocongate', '0812', '08'),
       ('Oropesa', '0812', '08');
INSERT INTO bacan.district ("name", province_id, state_id)
VALUES ('Quiquijana', '0812', '08'),
       ('Urubamba', '0813', '08'),
       ('Chinchero', '0813', '08'),
       ('Huayllabamba', '0813', '08'),
       ('Machupicchu', '0813', '08'),
       ('Maras', '0813', '08'),
       ('Ollantaytambo', '0813', '08'),
       ('Yucay', '0813', '08'),
       ('Huancavelica', '0901', '09'),
       ('Acobambilla', '0901', '09');
INSERT INTO bacan.district ("name", province_id, state_id)
VALUES ('Acoria', '0901', '09'),
       ('Conayca', '0901', '09'),
       ('Cuenca', '0901', '09'),
       ('Huachocolpa', '0901', '09'),
       ('Huayllahuara', '0901', '09'),
       ('Izcuchaca', '0901', '09'),
       ('Laria', '0901', '09'),
       ('Manta', '0901', '09'),
       ('Mariscal Cáceres', '0901', '09'),
       ('Moya', '0901', '09');
INSERT INTO bacan.district ("name", province_id, state_id)
VALUES ('Nuevo Occoro', '0901', '09'),
       ('Palca', '0901', '09'),
       ('Pilchaca', '0901', '09'),
       ('Vilca', '0901', '09'),
       ('Yauli', '0901', '09'),
       ('Ascensión', '0901', '09'),
       ('Huando', '0901', '09'),
       ('Acobamba', '0902', '09'),
       ('Andabamba', '0902', '09'),
       ('Anta', '0902', '09');
INSERT INTO bacan.district ("name", province_id, state_id)
VALUES ('Caja', '0902', '09'),
       ('Marcas', '0902', '09'),
       ('Paucara', '0902', '09'),
       ('Pomacocha', '0902', '09'),
       ('Rosario', '0902', '09'),
       ('Lircay', '0903', '09'),
       ('Anchonga', '0903', '09'),
       ('Callanmarca', '0903', '09'),
       ('Ccochaccasa', '0903', '09'),
       ('Chincho', '0903', '09');
INSERT INTO bacan.district ("name", province_id, state_id)
VALUES ('Congalla', '0903', '09'),
       ('Huanca-Huanca', '0903', '09'),
       ('Huayllay Grande', '0903', '09'),
       ('Julcamarca', '0903', '09'),
       ('San Antonio de Antaparco', '0903', '09'),
       ('Santo Tomas de Pata', '0903', '09'),
       ('Secclla', '0903', '09'),
       ('Castrovirreyna', '0904', '09'),
       ('Arma', '0904', '09'),
       ('Aurahua', '0904', '09');
INSERT INTO bacan.district ("name", province_id, state_id)
VALUES ('Capillas', '0904', '09'),
       ('Chupamarca', '0904', '09'),
       ('Cocas', '0904', '09'),
       ('Huachos', '0904', '09'),
       ('Huamatambo', '0904', '09'),
       ('Mollepampa', '0904', '09'),
       ('San Juan', '0904', '09'),
       ('Santa Ana', '0904', '09'),
       ('Tantara', '0904', '09'),
       ('Ticrapo', '0904', '09');
INSERT INTO bacan.district ("name", province_id, state_id)
VALUES ('Churcampa', '0905', '09'),
       ('Anco', '0905', '09'),
       ('Chinchihuasi', '0905', '09'),
       ('El Carmen', '0905', '09'),
       ('La Merced', '0905', '09'),
       ('Locroja', '0905', '09'),
       ('Paucarbamba', '0905', '09'),
       ('San Miguel de Mayocc', '0905', '09'),
       ('San Pedro de Coris', '0905', '09'),
       ('Pachamarca', '0905', '09');
INSERT INTO bacan.district ("name", province_id, state_id)
VALUES ('Cosme', '0905', '09'),
       ('Huaytara', '0906', '09'),
       ('Ayavi', '0906', '09'),
       ('Córdova', '0906', '09'),
       ('Huayacundo Arma', '0906', '09'),
       ('Laramarca', '0906', '09'),
       ('Ocoyo', '0906', '09'),
       ('Pilpichaca', '0906', '09'),
       ('Querco', '0906', '09'),
       ('Quito-Arma', '0906', '09');
INSERT INTO bacan.district ("name", province_id, state_id)
VALUES ('San Antonio de Cusicancha', '0906', '09'),
       ('San Francisco de Sangayaico', '0906', '09'),
       ('San Isidro', '0906', '09'),
       ('Santiago de Chocorvos', '0906', '09'),
       ('Santiago de Quirahuara', '0906', '09'),
       ('Santo Domingo de Capillas', '0906', '09'),
       ('Tambo', '0906', '09'),
       ('Pampas', '0907', '09'),
       ('Acostambo', '0907', '09'),
       ('Acraquia', '0907', '09');
INSERT INTO bacan.district ("name", province_id, state_id)
VALUES ('Ahuaycha', '0907', '09'),
       ('Colcabamba', '0907', '09'),
       ('Daniel Hernández', '0907', '09'),
       ('Huachocolpa', '0907', '09'),
       ('Huaribamba', '0907', '09'),
       ('Ñahuimpuquio', '0907', '09'),
       ('Pazos', '0907', '09'),
       ('Quishuar', '0907', '09'),
       ('Salcabamba', '0907', '09'),
       ('Salcahuasi', '0907', '09');
INSERT INTO bacan.district ("name", province_id, state_id)
VALUES ('San Marcos de Rocchac', '0907', '09'),
       ('Surcubamba', '0907', '09'),
       ('Tintay Puncu', '0907', '09'),
       ('Quichuas', '0907', '09'),
       ('Andaymarca', '0907', '09'),
       ('Roble', '0907', '09'),
       ('Pichos', '0907', '09'),
       ('Santiago de Tucuma', '0907', '09'),
       ('Huanuco', '1001', '10'),
       ('Amarilis', '1001', '10');
INSERT INTO bacan.district ("name", province_id, state_id)
VALUES ('Chinchao', '1001', '10'),
       ('Churubamba', '1001', '10'),
       ('Margos', '1001', '10'),
       ('Quisqui (Kichki)', '1001', '10'),
       ('San Francisco de Cayran', '1001', '10'),
       ('San Pedro de Chaulan', '1001', '10'),
       ('Santa María del Valle', '1001', '10'),
       ('Yarumayo', '1001', '10'),
       ('Pillco Marca', '1001', '10'),
       ('Yacus', '1001', '10');
INSERT INTO bacan.district ("name", province_id, state_id)
VALUES ('San Pablo de Pillao', '1001', '10'),
       ('Ambo', '1002', '10'),
       ('Cayna', '1002', '10'),
       ('Colpas', '1002', '10'),
       ('Conchamarca', '1002', '10'),
       ('Huacar', '1002', '10'),
       ('San Francisco', '1002', '10'),
       ('San Rafael', '1002', '10'),
       ('Tomay Kichwa', '1002', '10'),
       ('La Unión', '1003', '10');
INSERT INTO bacan.district ("name", province_id, state_id)
VALUES ('Chuquis', '1003', '10'),
       ('Marías', '1003', '10'),
       ('Pachas', '1003', '10'),
       ('Quivilla', '1003', '10'),
       ('Ripan', '1003', '10'),
       ('Shunqui', '1003', '10'),
       ('Sillapata', '1003', '10'),
       ('Yanas', '1003', '10'),
       ('Huacaybamba', '1004', '10'),
       ('Canchabamba', '1004', '10');
INSERT INTO bacan.district ("name", province_id, state_id)
VALUES ('Cochabamba', '1004', '10'),
       ('Pinra', '1004', '10'),
       ('Llata', '1005', '10'),
       ('Arancay', '1005', '10'),
       ('Chavín de Pariarca', '1005', '10'),
       ('Jacas Grande', '1005', '10'),
       ('Jircan', '1005', '10'),
       ('Miraflores', '1005', '10'),
       ('Monzón', '1005', '10'),
       ('Punchao', '1005', '10');
INSERT INTO bacan.district ("name", province_id, state_id)
VALUES ('Puños', '1005', '10'),
       ('Singa', '1005', '10'),
       ('Tantamayo', '1005', '10'),
       ('Rupa-Rupa', '1006', '10'),
       ('Daniel Alomía Robles', '1006', '10'),
       ('Hermílio Valdizan', '1006', '10'),
       ('José Crespo y Castillo', '1006', '10'),
       ('Luyando', '1006', '10'),
       ('Mariano Damaso Beraun', '1006', '10'),
       ('Pucayacu', '1006', '10');
INSERT INTO bacan.district ("name", province_id, state_id)
VALUES ('Castillo Grande', '1006', '10'),
       ('Pueblo Nuevo', '1006', '10'),
       ('Santo Domingo de Anda', '1006', '10'),
       ('Huacrachuco', '1007', '10'),
       ('Cholon', '1007', '10'),
       ('San Buenaventura', '1007', '10'),
       ('La Morada', '1007', '10'),
       ('Santa Rosa de Alto Yanajanca', '1007', '10'),
       ('Panao', '1008', '10'),
       ('Chaglla', '1008', '10');
INSERT INTO bacan.district ("name", province_id, state_id)
VALUES ('Molino', '1008', '10'),
       ('Umari', '1008', '10'),
       ('Puerto Inca', '1009', '10'),
       ('Codo del Pozuzo', '1009', '10'),
       ('Honoria', '1009', '10'),
       ('Tournavista', '1009', '10'),
       ('Yuyapichis', '1009', '10'),
       ('Jesús', '1010', '10'),
       ('Baños', '1010', '10'),
       ('Jivia', '1010', '10');
INSERT INTO bacan.district ("name", province_id, state_id)
VALUES ('Queropalca', '1010', '10'),
       ('Rondos', '1010', '10'),
       ('San Francisco de Asís', '1010', '10'),
       ('San Miguel de Cauri', '1010', '10'),
       ('Chavinillo', '1011', '10'),
       ('Cahuac', '1011', '10'),
       ('Chacabamba', '1011', '10'),
       ('Aparicio Pomares', '1011', '10'),
       ('Jacas Chico', '1011', '10'),
       ('Obas', '1011', '10');
INSERT INTO bacan.district ("name", province_id, state_id)
VALUES ('Pampamarca', '1011', '10'),
       ('Choras', '1011', '10'),
       ('Ica', '1101', '11'),
       ('La Tinguiña', '1101', '11'),
       ('Los Aquijes', '1101', '11'),
       ('Ocucaje', '1101', '11'),
       ('Pachacutec', '1101', '11'),
       ('Parcona', '1101', '11'),
       ('Pueblo Nuevo', '1101', '11'),
       ('Salas', '1101', '11');
INSERT INTO bacan.district ("name", province_id, state_id)
VALUES ('San José de Los Molinos', '1101', '11'),
       ('San Juan Bautista', '1101', '11'),
       ('Santiago', '1101', '11'),
       ('Subtanjalla', '1101', '11'),
       ('Tate', '1101', '11'),
       ('Yauca del Rosario', '1101', '11'),
       ('Chincha Alta', '1102', '11'),
       ('Alto Laran', '1102', '11'),
       ('Chavin', '1102', '11'),
       ('Chincha Baja', '1102', '11');
INSERT INTO bacan.district ("name", province_id, state_id)
VALUES ('El Carmen', '1102', '11'),
       ('Grocio Prado', '1102', '11'),
       ('Pueblo Nuevo', '1102', '11'),
       ('San Juan de Yanac', '1102', '11'),
       ('San Pedro de Huacarpana', '1102', '11'),
       ('Sunampe', '1102', '11'),
       ('Tambo de Mora', '1102', '11'),
       ('Nasca', '1103', '11'),
       ('Changuillo', '1103', '11'),
       ('El Ingenio', '1103', '11');
INSERT INTO bacan.district ("name", province_id, state_id)
VALUES ('Marcona', '1103', '11'),
       ('Vista Alegre', '1103', '11'),
       ('Palpa', '1104', '11'),
       ('Llipata', '1104', '11'),
       ('Río Grande', '1104', '11'),
       ('Santa Cruz', '1104', '11'),
       ('Tibillo', '1104', '11'),
       ('Pisco', '1105', '11'),
       ('Huancano', '1105', '11'),
       ('Humay', '1105', '11');
INSERT INTO bacan.district ("name", province_id, state_id)
VALUES ('Independencia', '1105', '11'),
       ('Paracas', '1105', '11'),
       ('San Andrés', '1105', '11'),
       ('San Clemente', '1105', '11'),
       ('Tupac Amaru Inca', '1105', '11'),
       ('Huancayo', '1201', '12'),
       ('Carhuacallanga', '1201', '12'),
       ('Chacapampa', '1201', '12'),
       ('Chicche', '1201', '12'),
       ('Chilca', '1201', '12');
INSERT INTO bacan.district ("name", province_id, state_id)
VALUES ('Chongos Alto', '1201', '12'),
       ('Chupuro', '1201', '12'),
       ('Colca', '1201', '12'),
       ('Cullhuas', '1201', '12'),
       ('El Tambo', '1201', '12'),
       ('Huacrapuquio', '1201', '12'),
       ('Hualhuas', '1201', '12'),
       ('Huancan', '1201', '12'),
       ('Huasicancha', '1201', '12'),
       ('Huayucachi', '1201', '12');
INSERT INTO bacan.district ("name", province_id, state_id)
VALUES ('Ingenio', '1201', '12'),
       ('Pariahuanca', '1201', '12'),
       ('Pilcomayo', '1201', '12'),
       ('Pucara', '1201', '12'),
       ('Quichuay', '1201', '12'),
       ('Quilcas', '1201', '12'),
       ('San Agustín', '1201', '12'),
       ('San Jerónimo de Tunan', '1201', '12'),
       ('Saño', '1201', '12'),
       ('Sapallanga', '1201', '12');
INSERT INTO bacan.district ("name", province_id, state_id)
VALUES ('Sicaya', '1201', '12'),
       ('Santo Domingo de Acobamba', '1201', '12'),
       ('Viques', '1201', '12'),
       ('Concepción', '1202', '12'),
       ('Aco', '1202', '12'),
       ('Andamarca', '1202', '12'),
       ('Chambara', '1202', '12'),
       ('Cochas', '1202', '12'),
       ('Comas', '1202', '12'),
       ('Heroínas Toledo', '1202', '12');
INSERT INTO bacan.district ("name", province_id, state_id)
VALUES ('Manzanares', '1202', '12'),
       ('Mariscal Castilla', '1202', '12'),
       ('Matahuasi', '1202', '12'),
       ('Mito', '1202', '12'),
       ('Nueve de Julio', '1202', '12'),
       ('Orcotuna', '1202', '12'),
       ('San José de Quero', '1202', '12'),
       ('Santa Rosa de Ocopa', '1202', '12'),
       ('Chanchamayo', '1203', '12'),
       ('Perene', '1203', '12');
INSERT INTO bacan.district ("name", province_id, state_id)
VALUES ('Pichanaqui', '1203', '12'),
       ('San Luis de Shuaro', '1203', '12'),
       ('San Ramón', '1203', '12'),
       ('Vitoc', '1203', '12'),
       ('Jauja', '1204', '12'),
       ('Acolla', '1204', '12'),
       ('Apata', '1204', '12'),
       ('Ataura', '1204', '12'),
       ('Canchayllo', '1204', '12'),
       ('Curicaca', '1204', '12');
INSERT INTO bacan.district ("name", province_id, state_id)
VALUES ('El Mantaro', '1204', '12'),
       ('Huamali', '1204', '12'),
       ('Huaripampa', '1204', '12'),
       ('Huertas', '1204', '12'),
       ('Janjaillo', '1204', '12'),
       ('Julcán', '1204', '12'),
       ('Leonor Ordóñez', '1204', '12'),
       ('Llocllapampa', '1204', '12'),
       ('Marco', '1204', '12'),
       ('Masma', '1204', '12');
INSERT INTO bacan.district ("name", province_id, state_id)
VALUES ('Masma Chicche', '1204', '12'),
       ('Molinos', '1204', '12'),
       ('Monobamba', '1204', '12'),
       ('Muqui', '1204', '12'),
       ('Muquiyauyo', '1204', '12'),
       ('Paca', '1204', '12'),
       ('Paccha', '1204', '12'),
       ('Pancan', '1204', '12'),
       ('Parco', '1204', '12'),
       ('Pomacancha', '1204', '12');
INSERT INTO bacan.district ("name", province_id, state_id)
VALUES ('Ricran', '1204', '12'),
       ('San Lorenzo', '1204', '12'),
       ('San Pedro de Chunan', '1204', '12'),
       ('Sausa', '1204', '12'),
       ('Sincos', '1204', '12'),
       ('Tunan Marca', '1204', '12'),
       ('Yauli', '1204', '12'),
       ('Yauyos', '1204', '12'),
       ('Junin', '1205', '12'),
       ('Carhuamayo', '1205', '12');
INSERT INTO bacan.district ("name", province_id, state_id)
VALUES ('Ondores', '1205', '12'),
       ('Ulcumayo', '1205', '12'),
       ('Satipo', '1206', '12'),
       ('Coviriali', '1206', '12'),
       ('Llaylla', '1206', '12'),
       ('Mazamari', '1206', '12'),
       ('Pampa Hermosa', '1206', '12'),
       ('Pangoa', '1206', '12'),
       ('Río Negro', '1206', '12'),
       ('Río Tambo', '1206', '12');
INSERT INTO bacan.district ("name", province_id, state_id)
VALUES ('Vizcatan del Ene', '1206', '12'),
       ('Tarma', '1207', '12'),
       ('Acobamba', '1207', '12'),
       ('Huaricolca', '1207', '12'),
       ('Huasahuasi', '1207', '12'),
       ('La Unión', '1207', '12'),
       ('Palca', '1207', '12'),
       ('Palcamayo', '1207', '12'),
       ('San Pedro de Cajas', '1207', '12'),
       ('Tapo', '1207', '12');
INSERT INTO bacan.district ("name", province_id, state_id)
VALUES ('La Oroya', '1208', '12'),
       ('Chacapalpa', '1208', '12'),
       ('Huay-Huay', '1208', '12'),
       ('Marcapomacocha', '1208', '12'),
       ('Morococha', '1208', '12'),
       ('Paccha', '1208', '12'),
       ('Santa Bárbara de Carhuacayan', '1208', '12'),
       ('Santa Rosa de Sacco', '1208', '12'),
       ('Suitucancha', '1208', '12'),
       ('Yauli', '1208', '12');
INSERT INTO bacan.district ("name", province_id, state_id)
VALUES ('Chupaca', '1209', '12'),
       ('Ahuac', '1209', '12'),
       ('Chongos Bajo', '1209', '12'),
       ('Huachac', '1209', '12'),
       ('Huamancaca Chico', '1209', '12'),
       ('San Juan de Iscos', '1209', '12'),
       ('San Juan de Jarpa', '1209', '12'),
       ('Tres de Diciembre', '1209', '12'),
       ('Yanacancha', '1209', '12'),
       ('Trujillo', '1301', '13');
INSERT INTO bacan.district ("name", province_id, state_id)
VALUES ('El Porvenir', '1301', '13'),
       ('Florencia de Mora', '1301', '13'),
       ('Huanchaco', '1301', '13'),
       ('La Esperanza', '1301', '13'),
       ('Laredo', '1301', '13'),
       ('Moche', '1301', '13'),
       ('Poroto', '1301', '13'),
       ('Salaverry', '1301', '13'),
       ('Simbal', '1301', '13'),
       ('Victor Larco Herrera', '1301', '13');
INSERT INTO bacan.district ("name", province_id, state_id)
VALUES ('Ascope', '1302', '13'),
       ('Chicama', '1302', '13'),
       ('Chocope', '1302', '13'),
       ('Magdalena de Cao', '1302', '13'),
       ('Paijan', '1302', '13'),
       ('Rázuri', '1302', '13'),
       ('Santiago de Cao', '1302', '13'),
       ('Casa Grande', '1302', '13'),
       ('Bolívar', '1303', '13'),
       ('Bambamarca', '1303', '13');
INSERT INTO bacan.district ("name", province_id, state_id)
VALUES ('Condormarca', '1303', '13'),
       ('Longotea', '1303', '13'),
       ('Uchumarca', '1303', '13'),
       ('Ucuncha', '1303', '13'),
       ('Chepen', '1304', '13'),
       ('Pacanga', '1304', '13'),
       ('Pueblo Nuevo', '1304', '13'),
       ('Julcan', '1305', '13'),
       ('Calamarca', '1305', '13'),
       ('Carabamba', '1305', '13');
INSERT INTO bacan.district ("name", province_id, state_id)
VALUES ('Huaso', '1305', '13'),
       ('Otuzco', '1306', '13'),
       ('Agallpampa', '1306', '13'),
       ('Charat', '1306', '13'),
       ('Huaranchal', '1306', '13'),
       ('La Cuesta', '1306', '13'),
       ('Mache', '1306', '13'),
       ('Paranday', '1306', '13'),
       ('Salpo', '1306', '13'),
       ('Sinsicap', '1306', '13');
INSERT INTO bacan.district ("name", province_id, state_id)
VALUES ('Usquil', '1306', '13'),
       ('San Pedro de Lloc', '1307', '13'),
       ('Guadalupe', '1307', '13'),
       ('Jequetepeque', '1307', '13'),
       ('Pacasmayo', '1307', '13'),
       ('San José', '1307', '13'),
       ('Tayabamba', '1308', '13'),
       ('Buldibuyo', '1308', '13'),
       ('Chillia', '1308', '13'),
       ('Huancaspata', '1308', '13');
INSERT INTO bacan.district ("name", province_id, state_id)
VALUES ('Huaylillas', '1308', '13'),
       ('Huayo', '1308', '13'),
       ('Ongon', '1308', '13'),
       ('Parcoy', '1308', '13'),
       ('Pataz', '1308', '13'),
       ('Pias', '1308', '13'),
       ('Santiago de Challas', '1308', '13'),
       ('Taurija', '1308', '13'),
       ('Urpay', '1308', '13'),
       ('Huamachuco', '1309', '13');
INSERT INTO bacan.district ("name", province_id, state_id)
VALUES ('Chugay', '1309', '13'),
       ('Cochorco', '1309', '13'),
       ('Curgos', '1309', '13'),
       ('Marcabal', '1309', '13'),
       ('Sanagoran', '1309', '13'),
       ('Sarin', '1309', '13'),
       ('Sartimbamba', '1309', '13'),
       ('Santiago de Chuco', '1310', '13'),
       ('Angasmarca', '1310', '13'),
       ('Cachicadan', '1310', '13');
INSERT INTO bacan.district ("name", province_id, state_id)
VALUES ('Mollebamba', '1310', '13'),
       ('Mollepata', '1310', '13'),
       ('Quiruvilca', '1310', '13'),
       ('Santa Cruz de Chuca', '1310', '13'),
       ('Sitabamba', '1310', '13'),
       ('Cascas', '1311', '13'),
       ('Lucma', '1311', '13'),
       ('Marmot', '1311', '13'),
       ('Sayapullo', '1311', '13'),
       ('Viru', '1312', '13');
INSERT INTO bacan.district ("name", province_id, state_id)
VALUES ('Chao', '1312', '13'),
       ('Guadalupito', '1312', '13'),
       ('Chiclayo', '1401', '14'),
       ('Chongoyape', '1401', '14'),
       ('Eten', '1401', '14'),
       ('Eten Puerto', '1401', '14'),
       ('José Leonardo Ortiz', '1401', '14'),
       ('La Victoria', '1401', '14'),
       ('Lagunas', '1401', '14'),
       ('Monsefu', '1401', '14');
INSERT INTO bacan.district ("name", province_id, state_id)
VALUES ('Nueva Arica', '1401', '14'),
       ('Oyotun', '1401', '14'),
       ('Picsi', '1401', '14'),
       ('Pimentel', '1401', '14'),
       ('Reque', '1401', '14'),
       ('Santa Rosa', '1401', '14'),
       ('Saña', '1401', '14'),
       ('Cayalti', '1401', '14'),
       ('Patapo', '1401', '14'),
       ('Pomalca', '1401', '14');
INSERT INTO bacan.district ("name", province_id, state_id)
VALUES ('Pucala', '1401', '14'),
       ('Tuman', '1401', '14'),
       ('Ferreñafe', '1402', '14'),
       ('Cañaris', '1402', '14'),
       ('Incahuasi', '1402', '14'),
       ('Manuel Antonio Mesones Muro', '1402', '14'),
       ('Pitipo', '1402', '14'),
       ('Pueblo Nuevo', '1402', '14'),
       ('Lambayeque', '1403', '14'),
       ('Chochope', '1403', '14');
INSERT INTO bacan.district ("name", province_id, state_id)
VALUES ('Illimo', '1403', '14'),
       ('Jayanca', '1403', '14'),
       ('Mochumi', '1403', '14'),
       ('Morrope', '1403', '14'),
       ('Motupe', '1403', '14'),
       ('Olmos', '1403', '14'),
       ('Pacora', '1403', '14'),
       ('Salas', '1403', '14'),
       ('San José', '1403', '14'),
       ('Tucume', '1403', '14');
INSERT INTO bacan.district ("name", province_id, state_id)
VALUES ('Lima', '1501', '15'),
       ('Ancón', '1501', '15'),
       ('Ate', '1501', '15'),
       ('Barranco', '1501', '15'),
       ('Breña', '1501', '15'),
       ('Carabayllo', '1501', '15'),
       ('Chaclacayo', '1501', '15'),
       ('Chorrillos', '1501', '15'),
       ('Cieneguilla', '1501', '15'),
       ('Comas', '1501', '15');
INSERT INTO bacan.district ("name", province_id, state_id)
VALUES ('El Agustino', '1501', '15'),
       ('Independencia', '1501', '15'),
       ('Jesús María', '1501', '15'),
       ('La Molina', '1501', '15'),
       ('La Victoria', '1501', '15'),
       ('Lince', '1501', '15'),
       ('Los Olivos', '1501', '15'),
       ('Lurigancho', '1501', '15'),
       ('Lurin', '1501', '15'),
       ('Magdalena del Mar', '1501', '15');
INSERT INTO bacan.district ("name", province_id, state_id)
VALUES ('Pueblo Libre', '1501', '15'),
       ('Miraflores', '1501', '15'),
       ('Pachacamac', '1501', '15'),
       ('Pucusana', '1501', '15'),
       ('Puente Piedra', '1501', '15'),
       ('Punta Hermosa', '1501', '15'),
       ('Punta Negra', '1501', '15'),
       ('Rímac', '1501', '15'),
       ('San Bartolo', '1501', '15'),
       ('San Borja', '1501', '15');
INSERT INTO bacan.district ("name", province_id, state_id)
VALUES ('San Isidro', '1501', '15'),
       ('San Juan de Lurigancho', '1501', '15'),
       ('San Juan de Miraflores', '1501', '15'),
       ('San Luis', '1501', '15'),
       ('San Martín de Porres', '1501', '15'),
       ('San Miguel', '1501', '15'),
       ('Santa Anita', '1501', '15'),
       ('Santa María del Mar', '1501', '15'),
       ('Santa Rosa', '1501', '15'),
       ('Santiago de Surco', '1501', '15');
INSERT INTO bacan.district ("name", province_id, state_id)
VALUES ('Surquillo', '1501', '15'),
       ('Villa El Salvador', '1501', '15'),
       ('Villa María del Triunfo', '1501', '15'),
       ('Barranca', '1502', '15'),
       ('Paramonga', '1502', '15'),
       ('Pativilca', '1502', '15'),
       ('Supe', '1502', '15'),
       ('Supe Puerto', '1502', '15'),
       ('Cajatambo', '1503', '15'),
       ('Copa', '1503', '15');
INSERT INTO bacan.district ("name", province_id, state_id)
VALUES ('Gorgor', '1503', '15'),
       ('Huancapon', '1503', '15'),
       ('Manas', '1503', '15'),
       ('Canta', '1504', '15'),
       ('Arahuay', '1504', '15'),
       ('Huamantanga', '1504', '15'),
       ('Huaros', '1504', '15'),
       ('Lachaqui', '1504', '15'),
       ('San Buenaventura', '1504', '15'),
       ('Santa Rosa de Quives', '1504', '15');
INSERT INTO bacan.district ("name", province_id, state_id)
VALUES ('San Vicente de Cañete', '1505', '15'),
       ('Asia', '1505', '15'),
       ('Calango', '1505', '15'),
       ('Cerro Azul', '1505', '15'),
       ('Chilca', '1505', '15'),
       ('Coayllo', '1505', '15'),
       ('Imperial', '1505', '15'),
       ('Lunahuana', '1505', '15'),
       ('Mala', '1505', '15'),
       ('Nuevo Imperial', '1505', '15');
INSERT INTO bacan.district ("name", province_id, state_id)
VALUES ('Pacaran', '1505', '15'),
       ('Quilmana', '1505', '15'),
       ('San Antonio', '1505', '15'),
       ('San Luis', '1505', '15'),
       ('Santa Cruz de Flores', '1505', '15'),
       ('Zúñiga', '1505', '15'),
       ('Huaral', '1506', '15'),
       ('Atavillos Alto', '1506', '15'),
       ('Atavillos Bajo', '1506', '15'),
       ('Aucallama', '1506', '15');
INSERT INTO bacan.district ("name", province_id, state_id)
VALUES ('Chancay', '1506', '15'),
       ('Ihuari', '1506', '15'),
       ('Lampian', '1506', '15'),
       ('Pacaraos', '1506', '15'),
       ('San Miguel de Acos', '1506', '15'),
       ('Santa Cruz de Andamarca', '1506', '15'),
       ('Sumbilca', '1506', '15'),
       ('Veintisiete de Noviembre', '1506', '15'),
       ('Matucana', '1507', '15'),
       ('Antioquia', '1507', '15');
INSERT INTO bacan.district ("name", province_id, state_id)
VALUES ('Callahuanca', '1507', '15'),
       ('Carampoma', '1507', '15'),
       ('Chicla', '1507', '15'),
       ('Cuenca', '1507', '15'),
       ('Huachupampa', '1507', '15'),
       ('Huanza', '1507', '15'),
       ('Huarochiri', '1507', '15'),
       ('Lahuaytambo', '1507', '15'),
       ('Langa', '1507', '15'),
       ('Laraos', '1507', '15');
INSERT INTO bacan.district ("name", province_id, state_id)
VALUES ('Mariatana', '1507', '15'),
       ('Ricardo Palma', '1507', '15'),
       ('San Andrés de Tupicocha', '1507', '15'),
       ('San Antonio', '1507', '15'),
       ('San Bartolomé', '1507', '15'),
       ('San Damian', '1507', '15'),
       ('San Juan de Iris', '1507', '15'),
       ('San Juan de Tantaranche', '1507', '15'),
       ('San Lorenzo de Quinti', '1507', '15'),
       ('San Mateo', '1507', '15');
INSERT INTO bacan.district ("name", province_id, state_id)
VALUES ('San Mateo de Otao', '1507', '15'),
       ('San Pedro de Casta', '1507', '15'),
       ('San Pedro de Huancayre', '1507', '15'),
       ('Sangallaya', '1507', '15'),
       ('Santa Cruz de Cocachacra', '1507', '15'),
       ('Santa Eulalia', '1507', '15'),
       ('Santiago de Anchucaya', '1507', '15'),
       ('Santiago de Tuna', '1507', '15'),
       ('Santo Domingo de Los Olleros', '1507', '15'),
       ('Surco', '1507', '15');
INSERT INTO bacan.district ("name", province_id, state_id)
VALUES ('Huacho', '1508', '15'),
       ('Ambar', '1508', '15'),
       ('Caleta de Carquin', '1508', '15'),
       ('Checras', '1508', '15'),
       ('Hualmay', '1508', '15'),
       ('Huaura', '1508', '15'),
       ('Leoncio Prado', '1508', '15'),
       ('Paccho', '1508', '15'),
       ('Santa Leonor', '1508', '15'),
       ('Santa María', '1508', '15');
INSERT INTO bacan.district ("name", province_id, state_id)
VALUES ('Sayan', '1508', '15'),
       ('Vegueta', '1508', '15'),
       ('Oyon', '1509', '15'),
       ('Andajes', '1509', '15'),
       ('Caujul', '1509', '15'),
       ('Cochamarca', '1509', '15'),
       ('Navan', '1509', '15'),
       ('Pachangara', '1509', '15'),
       ('Yauyos', '1510', '15'),
       ('Alis', '1510', '15');
INSERT INTO bacan.district ("name", province_id, state_id)
VALUES ('Allauca', '1510', '15'),
       ('Ayaviri', '1510', '15'),
       ('Azángaro', '1510', '15'),
       ('Cacra', '1510', '15'),
       ('Carania', '1510', '15'),
       ('Catahuasi', '1510', '15'),
       ('Chocos', '1510', '15'),
       ('Cochas', '1510', '15'),
       ('Colonia', '1510', '15'),
       ('Hongos', '1510', '15');
INSERT INTO bacan.district ("name", province_id, state_id)
VALUES ('Huampara', '1510', '15'),
       ('Huancaya', '1510', '15'),
       ('Huangascar', '1510', '15'),
       ('Huantan', '1510', '15'),
       ('Huañec', '1510', '15'),
       ('Laraos', '1510', '15'),
       ('Lincha', '1510', '15'),
       ('Madean', '1510', '15'),
       ('Miraflores', '1510', '15'),
       ('Omas', '1510', '15');
INSERT INTO bacan.district ("name", province_id, state_id)
VALUES ('Putinza', '1510', '15'),
       ('Quinches', '1510', '15'),
       ('Quinocay', '1510', '15'),
       ('San Joaquín', '1510', '15'),
       ('San Pedro de Pilas', '1510', '15'),
       ('Tanta', '1510', '15'),
       ('Tauripampa', '1510', '15'),
       ('Tomas', '1510', '15'),
       ('Tupe', '1510', '15'),
       ('Viñac', '1510', '15');
INSERT INTO bacan.district ("name", province_id, state_id)
VALUES ('Vitis', '1510', '15'),
       ('Iquitos', '1601', '16'),
       ('Alto Nanay', '1601', '16'),
       ('Fernando Lores', '1601', '16'),
       ('Indiana', '1601', '16'),
       ('Las Amazonas', '1601', '16'),
       ('Mazan', '1601', '16'),
       ('Napo', '1601', '16'),
       ('Punchana', '1601', '16'),
       ('Torres Causana', '1601', '16');
INSERT INTO bacan.district ("name", province_id, state_id)
VALUES ('Belén', '1601', '16'),
       ('San Juan Bautista', '1601', '16'),
       ('Yurimaguas', '1602', '16'),
       ('Balsapuerto', '1602', '16'),
       ('Jeberos', '1602', '16'),
       ('Lagunas', '1602', '16'),
       ('Santa Cruz', '1602', '16'),
       ('Teniente Cesar López Rojas', '1602', '16'),
       ('Nauta', '1603', '16'),
       ('Parinari', '1603', '16');
INSERT INTO bacan.district ("name", province_id, state_id)
VALUES ('Tigre', '1603', '16'),
       ('Trompeteros', '1603', '16'),
       ('Urarinas', '1603', '16'),
       ('Ramón Castilla', '1604', '16'),
       ('Pebas', '1604', '16'),
       ('Yavari', '1604', '16'),
       ('San Pablo', '1604', '16'),
       ('Requena', '1605', '16'),
       ('Alto Tapiche', '1605', '16'),
       ('Capelo', '1605', '16');
INSERT INTO bacan.district ("name", province_id, state_id)
VALUES ('Emilio San Martín', '1605', '16'),
       ('Maquia', '1605', '16'),
       ('Puinahua', '1605', '16'),
       ('Saquena', '1605', '16'),
       ('Soplin', '1605', '16'),
       ('Tapiche', '1605', '16'),
       ('Jenaro Herrera', '1605', '16'),
       ('Yaquerana', '1605', '16'),
       ('Contamana', '1606', '16'),
       ('Inahuaya', '1606', '16');
INSERT INTO bacan.district ("name", province_id, state_id)
VALUES ('Padre Márquez', '1606', '16'),
       ('Pampa Hermosa', '1606', '16'),
       ('Sarayacu', '1606', '16'),
       ('Vargas Guerra', '1606', '16'),
       ('Barranca', '1607', '16'),
       ('Cahuapanas', '1607', '16'),
       ('Manseriche', '1607', '16'),
       ('Morona', '1607', '16'),
       ('Pastaza', '1607', '16'),
       ('Andoas', '1607', '16');
INSERT INTO bacan.district ("name", province_id, state_id)
VALUES ('Putumayo', '1608', '16'),
       ('Rosa Panduro', '1608', '16'),
       ('Teniente Manuel Clavero', '1608', '16'),
       ('Yaguas', '1608', '16'),
       ('Tambopata', '1701', '17'),
       ('Inambari', '1701', '17'),
       ('Las Piedras', '1701', '17'),
       ('Laberinto', '1701', '17'),
       ('Manu', '1702', '17'),
       ('Fitzcarrald', '1702', '17');
INSERT INTO bacan.district ("name", province_id, state_id)
VALUES ('Madre de Dios', '1702', '17'),
       ('Huepetuhe', '1702', '17'),
       ('Iñapari', '1703', '17'),
       ('Iberia', '1703', '17'),
       ('Tahuamanu', '1703', '17'),
       ('Moquegua', '1801', '18'),
       ('Carumas', '1801', '18'),
       ('Cuchumbaya', '1801', '18'),
       ('Samegua', '1801', '18'),
       ('San Cristóbal', '1801', '18');
INSERT INTO bacan.district ("name", province_id, state_id)
VALUES ('Torata', '1801', '18'),
       ('Omate', '1802', '18'),
       ('Chojata', '1802', '18'),
       ('Coalaque', '1802', '18'),
       ('Ichuña', '1802', '18'),
       ('La Capilla', '1802', '18'),
       ('Lloque', '1802', '18'),
       ('Matalaque', '1802', '18'),
       ('Puquina', '1802', '18'),
       ('Quinistaquillas', '1802', '18');
INSERT INTO bacan.district ("name", province_id, state_id)
VALUES ('Ubinas', '1802', '18'),
       ('Yunga', '1802', '18'),
       ('Ilo', '1803', '18'),
       ('El Algarrobal', '1803', '18'),
       ('Pacocha', '1803', '18'),
       ('Chaupimarca', '1901', '19'),
       ('Huachon', '1901', '19'),
       ('Huariaca', '1901', '19'),
       ('Huayllay', '1901', '19'),
       ('Ninacaca', '1901', '19');
INSERT INTO bacan.district ("name", province_id, state_id)
VALUES ('Pallanchacra', '1901', '19'),
       ('Paucartambo', '1901', '19'),
       ('San Francisco de Asís de Yarusyacan', '1901', '19'),
       ('Simon Bolívar', '1901', '19'),
       ('Ticlacayan', '1901', '19'),
       ('Tinyahuarco', '1901', '19'),
       ('Vicco', '1901', '19'),
       ('Yanacancha', '1901', '19'),
       ('Yanahuanca', '1902', '19'),
       ('Chacayan', '1902', '19');
INSERT INTO bacan.district ("name", province_id, state_id)
VALUES ('Goyllarisquizga', '1902', '19'),
       ('Paucar', '1902', '19'),
       ('San Pedro de Pillao', '1902', '19'),
       ('Santa Ana de Tusi', '1902', '19'),
       ('Tapuc', '1902', '19'),
       ('Vilcabamba', '1902', '19'),
       ('Oxapampa', '1903', '19'),
       ('Chontabamba', '1903', '19'),
       ('Huancabamba', '1903', '19'),
       ('Palcazu', '1903', '19');
INSERT INTO bacan.district ("name", province_id, state_id)
VALUES ('Pozuzo', '1903', '19'),
       ('Puerto Bermúdez', '1903', '19'),
       ('Villa Rica', '1903', '19'),
       ('Constitución', '1903', '19'),
       ('Piura', '2001', '20'),
       ('Castilla', '2001', '20'),
       ('Catacaos', '2001', '20'),
       ('Cura Mori', '2001', '20'),
       ('El Tallan', '2001', '20'),
       ('La Arena', '2001', '20');
INSERT INTO bacan.district ("name", province_id, state_id)
VALUES ('La Unión', '2001', '20'),
       ('Las Lomas', '2001', '20'),
       ('Tambo Grande', '2001', '20'),
       ('Veintiseis de Octubre', '2001', '20'),
       ('Ayabaca', '2002', '20'),
       ('Frias', '2002', '20'),
       ('Jilili', '2002', '20'),
       ('Lagunas', '2002', '20'),
       ('Montero', '2002', '20'),
       ('Pacaipampa', '2002', '20');
INSERT INTO bacan.district ("name", province_id, state_id)
VALUES ('Paimas', '2002', '20'),
       ('Sapillica', '2002', '20'),
       ('Sicchez', '2002', '20'),
       ('Suyo', '2002', '20'),
       ('Huancabamba', '2003', '20'),
       ('Canchaque', '2003', '20'),
       ('El Carmen de la Frontera', '2003', '20'),
       ('Huarmaca', '2003', '20'),
       ('Lalaquiz', '2003', '20'),
       ('San Miguel de El Faique', '2003', '20');
INSERT INTO bacan.district ("name", province_id, state_id)
VALUES ('Sondor', '2003', '20'),
       ('Sondorillo', '2003', '20'),
       ('Chulucanas', '2004', '20'),
       ('Buenos Aires', '2004', '20'),
       ('Chalaco', '2004', '20'),
       ('La Matanza', '2004', '20'),
       ('Morropon', '2004', '20'),
       ('Salitral', '2004', '20'),
       ('San Juan de Bigote', '2004', '20'),
       ('Santa Catalina de Mossa', '2004', '20');
INSERT INTO bacan.district ("name", province_id, state_id)
VALUES ('Santo Domingo', '2004', '20'),
       ('Yamango', '2004', '20'),
       ('Paita', '2005', '20'),
       ('Amotape', '2005', '20'),
       ('Arenal', '2005', '20'),
       ('Colan', '2005', '20'),
       ('La Huaca', '2005', '20'),
       ('Tamarindo', '2005', '20'),
       ('Vichayal', '2005', '20'),
       ('Sullana', '2006', '20');
INSERT INTO bacan.district ("name", province_id, state_id)
VALUES ('Bellavista', '2006', '20'),
       ('Ignacio Escudero', '2006', '20'),
       ('Lancones', '2006', '20'),
       ('Marcavelica', '2006', '20'),
       ('Miguel Checa', '2006', '20'),
       ('Querecotillo', '2006', '20'),
       ('Salitral', '2006', '20'),
       ('Pariñas', '2007', '20'),
       ('El Alto', '2007', '20'),
       ('La Brea', '2007', '20');
INSERT INTO bacan.district ("name", province_id, state_id)
VALUES ('Lobitos', '2007', '20'),
       ('Los Organos', '2007', '20'),
       ('Mancora', '2007', '20'),
       ('Sechura', '2008', '20'),
       ('Bellavista de la Unión', '2008', '20'),
       ('Bernal', '2008', '20'),
       ('Cristo Nos Valga', '2008', '20'),
       ('Vice', '2008', '20'),
       ('Rinconada Llicuar', '2008', '20'),
       ('Puno', '2101', '21');
INSERT INTO bacan.district ("name", province_id, state_id)
VALUES ('Acora', '2101', '21'),
       ('Amantani', '2101', '21'),
       ('Atuncolla', '2101', '21'),
       ('Capachica', '2101', '21'),
       ('Chucuito', '2101', '21'),
       ('Coata', '2101', '21'),
       ('Huata', '2101', '21'),
       ('Mañazo', '2101', '21'),
       ('Paucarcolla', '2101', '21'),
       ('Pichacani', '2101', '21');
INSERT INTO bacan.district ("name", province_id, state_id)
VALUES ('Plateria', '2101', '21'),
       ('San Antonio', '2101', '21'),
       ('Tiquillaca', '2101', '21'),
       ('Vilque', '2101', '21'),
       ('Azángaro', '2102', '21'),
       ('Achaya', '2102', '21'),
       ('Arapa', '2102', '21'),
       ('Asillo', '2102', '21'),
       ('Caminaca', '2102', '21'),
       ('Chupa', '2102', '21');
INSERT INTO bacan.district ("name", province_id, state_id)
VALUES ('José Domingo Choquehuanca', '2102', '21'),
       ('Muñani', '2102', '21'),
       ('Potoni', '2102', '21'),
       ('Saman', '2102', '21'),
       ('San Anton', '2102', '21'),
       ('San José', '2102', '21'),
       ('San Juan de Salinas', '2102', '21'),
       ('Santiago de Pupuja', '2102', '21'),
       ('Tirapata', '2102', '21'),
       ('Macusani', '2103', '21');
INSERT INTO bacan.district ("name", province_id, state_id)
VALUES ('Ajoyani', '2103', '21'),
       ('Ayapata', '2103', '21'),
       ('Coasa', '2103', '21'),
       ('Corani', '2103', '21'),
       ('Crucero', '2103', '21'),
       ('Ituata', '2103', '21'),
       ('Ollachea', '2103', '21'),
       ('San Gaban', '2103', '21'),
       ('Usicayos', '2103', '21'),
       ('Juli', '2104', '21');
INSERT INTO bacan.district ("name", province_id, state_id)
VALUES ('Desaguadero', '2104', '21'),
       ('Huacullani', '2104', '21'),
       ('Kelluyo', '2104', '21'),
       ('Pisacoma', '2104', '21'),
       ('Pomata', '2104', '21'),
       ('Zepita', '2104', '21'),
       ('Ilave', '2105', '21'),
       ('Capazo', '2105', '21'),
       ('Pilcuyo', '2105', '21'),
       ('Santa Rosa', '2105', '21');
INSERT INTO bacan.district ("name", province_id, state_id)
VALUES ('Conduriri', '2105', '21'),
       ('Huancane', '2106', '21'),
       ('Cojata', '2106', '21'),
       ('Huatasani', '2106', '21'),
       ('Inchupalla', '2106', '21'),
       ('Pusi', '2106', '21'),
       ('Rosaspata', '2106', '21'),
       ('Taraco', '2106', '21'),
       ('Vilque Chico', '2106', '21'),
       ('Lampa', '2107', '21');
INSERT INTO bacan.district ("name", province_id, state_id)
VALUES ('Cabanilla', '2107', '21'),
       ('Calapuja', '2107', '21'),
       ('Nicasio', '2107', '21'),
       ('Ocuviri', '2107', '21'),
       ('Palca', '2107', '21'),
       ('Paratia', '2107', '21'),
       ('Pucara', '2107', '21'),
       ('Santa Lucia', '2107', '21'),
       ('Vilavila', '2107', '21'),
       ('Ayaviri', '2108', '21');
INSERT INTO bacan.district ("name", province_id, state_id)
VALUES ('Antauta', '2108', '21'),
       ('Cupi', '2108', '21'),
       ('Llalli', '2108', '21'),
       ('Macari', '2108', '21'),
       ('Nuñoa', '2108', '21'),
       ('Orurillo', '2108', '21'),
       ('Santa Rosa', '2108', '21'),
       ('Umachiri', '2108', '21'),
       ('Moho', '2109', '21'),
       ('Conima', '2109', '21');
INSERT INTO bacan.district ("name", province_id, state_id)
VALUES ('Huayrapata', '2109', '21'),
       ('Tilali', '2109', '21'),
       ('Putina', '2110', '21'),
       ('Ananea', '2110', '21'),
       ('Pedro Vilca Apaza', '2110', '21'),
       ('Quilcapuncu', '2110', '21'),
       ('Sina', '2110', '21'),
       ('Juliaca', '2111', '21'),
       ('Cabana', '2111', '21'),
       ('Cabanillas', '2111', '21');
INSERT INTO bacan.district ("name", province_id, state_id)
VALUES ('Caracoto', '2111', '21'),
       ('San Miguel', '2111', '21'),
       ('Sandia', '2112', '21'),
       ('Cuyocuyo', '2112', '21'),
       ('Limbani', '2112', '21'),
       ('Patambuco', '2112', '21'),
       ('Phara', '2112', '21'),
       ('Quiaca', '2112', '21'),
       ('San Juan del Oro', '2112', '21'),
       ('Yanahuaya', '2112', '21');
INSERT INTO bacan.district ("name", province_id, state_id)
VALUES ('Alto Inambari', '2112', '21'),
       ('San Pedro de Putina Punco', '2112', '21'),
       ('Yunguyo', '2113', '21'),
       ('Anapia', '2113', '21'),
       ('Copani', '2113', '21'),
       ('Cuturapi', '2113', '21'),
       ('Ollaraya', '2113', '21'),
       ('Tinicachi', '2113', '21'),
       ('Unicachi', '2113', '21'),
       ('Moyobamba', '2201', '22');
INSERT INTO bacan.district ("name", province_id, state_id)
VALUES ('Calzada', '2201', '22'),
       ('Habana', '2201', '22'),
       ('Jepelacio', '2201', '22'),
       ('Soritor', '2201', '22'),
       ('Yantalo', '2201', '22'),
       ('Bellavista', '2202', '22'),
       ('Alto Biavo', '2202', '22'),
       ('Bajo Biavo', '2202', '22'),
       ('Huallaga', '2202', '22'),
       ('San Pablo', '2202', '22');
INSERT INTO bacan.district ("name", province_id, state_id)
VALUES ('San Rafael', '2202', '22'),
       ('San José de Sisa', '2203', '22'),
       ('Agua Blanca', '2203', '22'),
       ('San Martín', '2203', '22'),
       ('Santa Rosa', '2203', '22'),
       ('Shatoja', '2203', '22'),
       ('Saposoa', '2204', '22'),
       ('Alto Saposoa', '2204', '22'),
       ('El Eslabón', '2204', '22'),
       ('Piscoyacu', '2204', '22');
INSERT INTO bacan.district ("name", province_id, state_id)
VALUES ('Sacanche', '2204', '22'),
       ('Tingo de Saposoa', '2204', '22'),
       ('Lamas', '2205', '22'),
       ('Alonso de Alvarado', '2205', '22'),
       ('Barranquita', '2205', '22'),
       ('Caynarachi', '2205', '22'),
       ('Cuñumbuqui', '2205', '22'),
       ('Pinto Recodo', '2205', '22'),
       ('Rumisapa', '2205', '22'),
       ('San Roque de Cumbaza', '2205', '22');
INSERT INTO bacan.district ("name", province_id, state_id)
VALUES ('Shanao', '2205', '22'),
       ('Tabalosos', '2205', '22'),
       ('Zapatero', '2205', '22'),
       ('Juanjuí', '2206', '22'),
       ('Campanilla', '2206', '22'),
       ('Huicungo', '2206', '22'),
       ('Pachiza', '2206', '22'),
       ('Pajarillo', '2206', '22'),
       ('Picota', '2207', '22'),
       ('Buenos Aires', '2207', '22');
INSERT INTO bacan.district ("name", province_id, state_id)
VALUES ('Caspisapa', '2207', '22'),
       ('Pilluana', '2207', '22'),
       ('Pucacaca', '2207', '22'),
       ('San Cristóbal', '2207', '22'),
       ('San Hilarión', '2207', '22'),
       ('Shamboyacu', '2207', '22'),
       ('Tingo de Ponasa', '2207', '22'),
       ('Tres Unidos', '2207', '22'),
       ('Rioja', '2208', '22'),
       ('Awajun', '2208', '22');
INSERT INTO bacan.district ("name", province_id, state_id)
VALUES ('Elías Soplin Vargas', '2208', '22'),
       ('Nueva Cajamarca', '2208', '22'),
       ('Pardo Miguel', '2208', '22'),
       ('Posic', '2208', '22'),
       ('San Fernando', '2208', '22'),
       ('Yorongos', '2208', '22'),
       ('Yuracyacu', '2208', '22'),
       ('Tarapoto', '2209', '22'),
       ('Alberto Leveau', '2209', '22'),
       ('Cacatachi', '2209', '22');
INSERT INTO bacan.district ("name", province_id, state_id)
VALUES ('Chazuta', '2209', '22'),
       ('Chipurana', '2209', '22'),
       ('El Porvenir', '2209', '22'),
       ('Huimbayoc', '2209', '22'),
       ('Juan Guerra', '2209', '22'),
       ('La Banda de Shilcayo', '2209', '22'),
       ('Morales', '2209', '22'),
       ('Papaplaya', '2209', '22'),
       ('San Antonio', '2209', '22'),
       ('Sauce', '2209', '22');
INSERT INTO bacan.district ("name", province_id, state_id)
VALUES ('Shapaja', '2209', '22'),
       ('Tocache', '2210', '22'),
       ('Nuevo Progreso', '2210', '22'),
       ('Polvora', '2210', '22'),
       ('Shunte', '2210', '22'),
       ('Uchiza', '2210', '22'),
       ('Tacna', '2301', '23'),
       ('Alto de la Alianza', '2301', '23'),
       ('Calana', '2301', '23'),
       ('Ciudad Nueva', '2301', '23');
INSERT INTO bacan.district ("name", province_id, state_id)
VALUES ('Inclan', '2301', '23'),
       ('Pachia', '2301', '23'),
       ('Palca', '2301', '23'),
       ('Pocollay', '2301', '23'),
       ('Sama', '2301', '23'),
       ('Coronel Gregorio Albarracín Lanchipa', '2301', '23'),
       ('La Yarada los Palos', '2301', '23'),
       ('Candarave', '2302', '23'),
       ('Cairani', '2302', '23'),
       ('Camilaca', '2302', '23');
INSERT INTO bacan.district ("name", province_id, state_id)
VALUES ('Curibaya', '2302', '23'),
       ('Huanuara', '2302', '23'),
       ('Quilahuani', '2302', '23'),
       ('Locumba', '2303', '23'),
       ('Ilabaya', '2303', '23'),
       ('Ite', '2303', '23'),
       ('Tarata', '2304', '23'),
       ('Héroes Albarracín', '2304', '23'),
       ('Estique', '2304', '23'),
       ('Estique-Pampa', '2304', '23');
INSERT INTO bacan.district ("name", province_id, state_id)
VALUES ('Sitajara', '2304', '23'),
       ('Susapaya', '2304', '23'),
       ('Tarucachi', '2304', '23'),
       ('Ticaco', '2304', '23'),
       ('Tumbes', '2401', '24'),
       ('Corrales', '2401', '24'),
       ('La Cruz', '2401', '24'),
       ('Pampas de Hospital', '2401', '24'),
       ('San Jacinto', '2401', '24'),
       ('San Juan de la Virgen', '2401', '24');
INSERT INTO bacan.district ("name", province_id, state_id)
VALUES ('Zorritos', '2402', '24'),
       ('Casitas', '2402', '24'),
       ('Canoas de Punta Sal', '2402', '24'),
       ('Zarumilla', '2403', '24'),
       ('Aguas Verdes', '2403', '24'),
       ('Matapalo', '2403', '24'),
       ('Papayal', '2403', '24'),
       ('Calleria', '2501', '25'),
       ('Campoverde', '2501', '25'),
       ('Iparia', '2501', '25');
INSERT INTO bacan.district ("name", province_id, state_id)
VALUES ('Masisea', '2501', '25'),
       ('Yarinacocha', '2501', '25'),
       ('Nueva Requena', '2501', '25'),
       ('Manantay', '2501', '25'),
       ('Raymondi', '2502', '25'),
       ('Sepahua', '2502', '25'),
       ('Tahuania', '2502', '25'),
       ('Yurua', '2502', '25'),
       ('Padre Abad', '2503', '25'),
       ('Irazola', '2503', '25');
INSERT INTO bacan.district ("name", province_id, state_id)
VALUES ('Curimana', '2503', '25'),
       ('Neshuya', '2503', '25'),
       ('Alexander Von Humboldt', '2503', '25'),
       ('Purus', '2504', '25');
